scenario_key,scenario_name,pd_multiplier,issue_year,grade,loan_status,loans,exposure_at_default,expected_loss,expected_loss_rate,exposure_weighted_pd,exposure_weighted_lgd
baseline,Baseline,1.0,2013,B,Late (31-120 days),1,803.55,81.77382079921769,0.10176569074633525,0.1137781304556632,0.8944222438774477
baseline,Baseline,1.0,2013,C,In Grace Period,1,553.53,90.46268777899822,0.1634286990388926,0.18306731200078077,0.8927246336483904
baseline,Baseline,1.0,2013,C,Late (31-120 days),1,11.19,1.8287671422452083,0.16342869903889262,0.1830673120007808,0.8927246336483903
baseline,Baseline,1.0,2013,D,Current,3,2671.9,567.8215257374218,0.21251600948292293,0.23829898226286633,0.8918041003150305
baseline,Baseline,1.0,2013,F,Late (31-120 days),1,286.36,86.80657152119268,0.30313790865062396,0.34327371297356507,0.8830792955998006
baseline,Baseline,1.0,2013,G,Current,1,507.28,163.38633970963772,0.3220831487731386,0.36382732725036165,0.8852637629154846
baseline,Baseline,1.0,2014,A,Current,226,619143.7899999996,30514.831275029985,0.049285532323646505,0.0550803596800088,0.8947932186712747
baseline,Baseline,1.0,2014,A,In Grace Period,1,1559.88,76.87951616100969,0.04928553232364649,0.05508035968000874,0.894793218671274
baseline,Baseline,1.0,2014,A,Late (16-30 days),1,4545.52,224.0283728877816,0.049285532323646485,0.05508035968000874,0.894793218671274
baseline,Baseline,1.0,2014,A,Late (31-120 days),1,4269.61,210.43000166436426,0.049285532323646485,0.05508035968000874,0.894793218671274
baseline,Baseline,1.0,2014,B,Current,1936,5427194.280000003,552302.1747187601,0.10176569074633528,0.11377813045566318,0.8944222438774441
baseline,Baseline,1.0,2014,B,Default,1,2274.99,2034.8016605987546,0.8944222438774477,1.0,0.8944222438774477
baseline,Baseline,1.0,2014,B,In Grace Period,16,55838.51999999999,5682.445558053057,0.10176569074633529,0.11377813045566322,0.8944222438774478
baseline,Baseline,1.0,2014,B,Late (16-30 days),4,21715.89,2209.9325460214345,0.10176569074633526,0.11377813045566322,0.8944222438774476
baseline,Baseline,1.0,2014,B,Late (31-120 days),23,88942.61000000002,9051.306143431906,0.10176569074633525,0.11377813045566319,0.8944222438774476
baseline,Baseline,1.0,2014,C,Current,3835,9001894.180000003,1471167.8547231788,0.16342869903889254,0.18306731200078055,0.8927246336483889
baseline,Baseline,1.0,2014,C,In Grace Period,48,128497.66999999998,21000.20703762894,0.16342869903889265,0.18306731200078083,0.8927246336483906
baseline,Baseline,1.0,2014,C,Late (16-30 days),18,45384.94,7417.201700158197,0.16342869903889257,0.18306731200078075,0.8927246336483903
baseline,Baseline,1.0,2014,C,Late (31-120 days),87,275112.63,44961.29921006822,0.1634286990388926,0.1830673120007808,0.8927246336483902
baseline,Baseline,1.0,2014,D,Current,3433,7959842.830000011,1691594.0343428566,0.2125160094829227,0.23829898226286556,0.8918041003150308
baseline,Baseline,1.0,2014,D,In Grace Period,61,166741.93000000005,35435.329577080876,0.2125160094829229,0.2382989822628663,0.8918041003150304
baseline,Baseline,1.0,2014,D,Late (16-30 days),23,69260.44999999998,14718.95444899151,0.21251600948292299,0.23829898226286644,0.8918041003150307
baseline,Baseline,1.0,2014,D,Late (31-120 days),115,400748.62,85165.49752818831,0.212516009482923,0.23829898226286636,0.8918041003150302
baseline,Baseline,1.0,2014,E,Current,1724,4511978.039999999,1178257.492854115,0.26113989970884594,0.29363559484171464,0.8893332562410016
baseline,Baseline,1.0,2014,E,In Grace Period,48,180184.37000000002,47053.32831090152,0.2611398997088455,0.29363559484171486,0.8893332562410007
baseline,Baseline,1.0,2014,E,Late (16-30 days),16,52031.67,13587.545085483749,0.2611398997088456,0.2936355948417149,0.8893332562410009
baseline,Baseline,1.0,2014,E,Late (31-120 days),75,277986.3,72593.31450243304,0.26113989970884555,0.2936355948417148,0.8893332562410007
baseline,Baseline,1.0,2014,F,Current,451,1325072.15,401679.60036218574,0.30313790865062384,0.34327371297356496,0.8830792955998001
baseline,Baseline,1.0,2014,F,In Grace Period,14,51960.21,15751.109392447237,0.30313790865062396,0.34327371297356507,0.8830792955998004
baseline,Baseline,1.0,2014,F,Late (16-30 days),7,24731.190000000006,7496.961215041226,0.30313790865062396,0.343273712973565,0.8830792955998005
baseline,Baseline,1.0,2014,F,Late (31-120 days),24,95875.5,29063.4985608329,0.303137908650624,0.34327371297356507,0.8830792955998005
baseline,Baseline,1.0,2014,G,Current,142,384269.2899999999,123766.6629000183,0.32208314877313854,0.3638273272503617,0.8852637629154847
baseline,Baseline,1.0,2014,G,In Grace Period,7,17292.64,5569.667941800328,0.32208314877313865,0.3638273272503617,0.8852637629154846
baseline,Baseline,1.0,2014,G,Late (16-30 days),3,12900.09,4154.901606656877,0.3220831487731386,0.36382732725036165,0.8852637629154845
baseline,Baseline,1.0,2014,G,Late (31-120 days),6,16820.440000000002,5417.580278949651,0.32208314877313854,0.3638273272503616,0.8852637629154846
baseline,Baseline,1.0,2015,A,Current,1408,8605510.840000004,424127.1826663106,0.049285532323646505,0.05508035968000875,0.894793218671273
baseline,Baseline,1.0,2015,A,In Grace Period,9,63792.08,3144.0266208326425,0.049285532323646485,0.055080359680008746,0.894793218671274
baseline,Baseline,1.0,2015,A,Late (16-30 days),3,20174.670000000002,994.3193504039011,0.049285532323646485,0.05508035968000873,0.8947932186712739
baseline,Baseline,1.0,2015,A,Late (31-120 days),19,91950.02,4531.805682869941,0.049285532323646485,0.05508035968000874,0.8947932186712739
baseline,Baseline,1.0,2015,B,Current,10316,67019791.62000005,6820315.387884768,0.10176569074633543,0.113778130455663,0.8944222438774482
baseline,Baseline,1.0,2015,B,In Grace Period,71,516681.88,52580.48841431511,0.10176569074633526,0.1137781304556632,0.8944222438774478
baseline,Baseline,1.0,2015,B,Late (16-30 days),36,232512.38,23661.78295777439,0.10176569074633528,0.11377813045566322,0.8944222438774477
baseline,Baseline,1.0,2015,B,Late (31-120 days),213,1404405.7799999998,142920.32428984574,0.10176569074633526,0.11377813045566322,0.8944222438774478
baseline,Baseline,1.0,2015,C,Current,15133,102451867.59999986,16743575.435972843,0.16342869903889254,0.1830673120007808,0.8927246336483918
baseline,Baseline,1.0,2015,C,In Grace Period,185,1326999.09,216869.7349044943,0.16342869903889257,0.18306731200078075,0.8927246336483902
baseline,Baseline,1.0,2015,C,Late (16-30 days),103,771512.2000000002,126087.23513863393,0.16342869903889257,0.18306731200078077,0.8927246336483903
baseline,Baseline,1.0,2015,C,Late (31-120 days),448,3475775.4699999997,568041.4632133954,0.1634286990388926,0.1830673120007808,0.8927246336483906
baseline,Baseline,1.0,2015,D,Current,8601,61088100.739999995,12982199.396155585,0.21251600948292285,0.2382989822628666,0.8918041003150311
baseline,Baseline,1.0,2015,D,In Grace Period,171,1297386.1300000001,275715.32310609275,0.21251600948292296,0.2382989822628663,0.8918041003150303
baseline,Baseline,1.0,2015,D,Late (16-30 days),57,428918.04000000004,91151.95025603671,0.2125160094829229,0.2382989822628663,0.8918041003150303
baseline,Baseline,1.0,2015,D,Late (31-120 days),311,2492982.4699999993,529798.6862352807,0.212516009482923,0.23829898226286647,0.8918041003150308
baseline,Baseline,1.0,2015,E,Current,5937,44075395.93000002,11509844.472787887,0.26113989970884605,0.29363559484171475,0.8893332562410011
baseline,Baseline,1.0,2015,E,Default,1,21999.94,19565.278277306643,0.8893332562410008,1.0,0.8893332562410008
baseline,Baseline,1.0,2015,E,In Grace Period,119,976868.1599999999,255099.25333116454,0.2611398997088456,0.293635594841715,0.8893332562410009
baseline,Baseline,1.0,2015,E,Late (16-30 days),59,473138.6,123555.36655238361,0.2611398997088456,0.293635594841715,0.8893332562410009
baseline,Baseline,1.0,2015,E,Late (31-120 days),268,2432641.620000001,635259.7886743639,0.26113989970884555,0.2936355948417148,0.8893332562410003
baseline,Baseline,1.0,2015,F,Current,1467,11935514.500000007,3618106.9041991965,0.3031379086506237,0.34327371297356485,0.8830792955997999
baseline,Baseline,1.0,2015,F,In Grace Period,37,340611.62,103252.29414890104,0.30313790865062396,0.343273712973565,0.8830792955998007
baseline,Baseline,1.0,2015,F,Late (16-30 days),17,156644.52,47484.89219438084,0.30313790865062396,0.343273712973565,0.8830792955998007
baseline,Baseline,1.0,2015,F,Late (31-120 days),80,774884.0399999999,234896.7273323465,0.30313790865062407,0.3432737129735651,0.8830792955998007
baseline,Baseline,1.0,2015,G,Current,240,1928875.9900000005,621258.452452105,0.32208314877313854,0.3638273272503616,0.8852637629154843
baseline,Baseline,1.0,2015,G,In Grace Period,11,91638.72,29515.28748713999,0.3220831487731386,0.36382732725036165,0.8852637629154845
baseline,Baseline,1.0,2015,G,Late (16-30 days),1,12002.35,3865.75468067728,0.3220831487731386,0.36382732725036165,0.8852637629154845
baseline,Baseline,1.0,2015,G,Late (31-120 days),19,216564.23,69751.6891100302,0.3220831487731386,0.36382732725036165,0.8852637629154845
baseline,Baseline,1.0,2016,A,Current,20796,56055169.6499999,2762708.8756925752,0.0492855323236468,0.05508035968000887,0.8947932186712741
baseline,Baseline,1.0,2016,A,Default,2,3942.94,3528.115973627713,0.894793218671274,1.0,0.894793218671274
baseline,Baseline,1.0,2016,A,In Grace Period,97,344666.05999999994,16987.050240993878,0.04928553232364649,0.05508035968000873,0.8947932186712743
baseline,Baseline,1.0,2016,A,Late (16-30 days),67,156269.24,7701.81267921167,0.049285532323646485,0.05508035968000874,0.894793218671274
baseline,Baseline,1.0,2016,A,Late (31-120 days),296,1062503.4699999995,52366.04911467155,0.049285532323646505,0.05508035968000877,0.8947932186712741
baseline,Baseline,1.0,2016,B,Current,42968,178506695.11999923,18165857.131732225,0.10176569074633543,0.11377813045566397,0.8944222438774505
baseline,Baseline,1.0,2016,B,Default,1,468.01,418.5985543570843,0.8944222438774477,1.0,0.8944222438774477
baseline,Baseline,1.0,2016,B,In Grace Period,410,1794483.6600000001,182616.8691929119,0.10176569074633529,0.11377813045566325,0.8944222438774477
baseline,Baseline,1.0,2016,B,Late (16-30 days),217,769993.7099999998,78358.94176848338,0.1017656907463353,0.11377813045566319,0.8944222438774477
baseline,Baseline,1.0,2016,B,Late (31-120 days),1127,5044045.020000002,513310.72561591264,0.10176569074633525,0.11377813045566317,0.8944222438774473
baseline,Baseline,1.0,2016,C,Current,42340,251487630.31999832,41100296.24757144,0.1634286990388932,0.18306731200078213,0.8927246336483928
baseline,Baseline,1.0,2016,C,Default,2,5253.01,4689.491427801331,0.8927246336483904,1.0,0.8927246336483904
baseline,Baseline,1.0,2016,C,In Grace Period,609,3524120.5100000002,575942.4302055787,0.1634286990388926,0.18306731200078075,0.8927246336483904
baseline,Baseline,1.0,2016,C,Late (16-30 days),305,1977637.6900000002,323202.7548469808,0.1634286990388926,0.18306731200078075,0.8927246336483902
baseline,Baseline,1.0,2016,C,Late (31-120 days),1574,10161117.579999998,1660618.226880621,0.16342869903889265,0.18306731200078089,0.8927246336483906
baseline,Baseline,1.0,2016,D,Current,16763,119440170.70000014,25382948.449123092,0.21251600948292235,0.2382989822628667,0.8918041003150324
baseline,Baseline,1.0,2016,D,Default,3,17892.239999999998,15956.372995820602,0.8918041003150307,1.0,0.8918041003150307
baseline,Baseline,1.0,2016,D,In Grace Period,365,2822405.39,599806.3306258931,0.212516009482923,0.23829898226286633,0.8918041003150307
baseline,Baseline,1.0,2016,D,Late (16-30 days),192,1284030.74,272877.08891820454,0.21251600948292293,0.23829898226286636,0.8918041003150307
baseline,Baseline,1.0,2016,D,Late (31-120 days),866,6859265.77,1457703.7894232085,0.2125160094829229,0.23829898226286636,0.8918041003150308
baseline,Baseline,1.0,2016,E,Current,6476,60993150.010000035,15927745.076537978,0.2611398997088455,0.293635594841715,0.8893332562410003
baseline,Baseline,1.0,2016,E,Default,1,11105.05,9876.090277219126,0.8893332562410008,1.0,0.8893332562410008
baseline,Baseline,1.0,2016,E,In Grace Period,175,1762522.5000000002,460264.9488845838,0.26113989970884555,0.2936355948417149,0.8893332562410007
baseline,Baseline,1.0,2016,E,Late (16-30 days),75,858196.74,224109.41061405823,0.2611398997088456,0.2936355948417149,0.8893332562410008
baseline,Baseline,1.0,2016,E,Late (31-120 days),475,5094768.91,1330447.4421971445,0.26113989970884555,0.29363559484171503,0.8893332562410008
baseline,Baseline,1.0,2016,F,Current,2004,21081301.999999993,6390541.799912217,0.3031379086506241,0.3432737129735652,0.8830792955998008
baseline,Baseline,1.0,2016,F,Default,1,14928.28,13182.85498691659,0.8830792955998006,1.0,0.8830792955998006
baseline,Baseline,1.0,2016,F,In Grace Period,70,923881.0499999999,280063.3693389426,0.303137908650624,0.34327371297356507,0.8830792955998007
baseline,Baseline,1.0,2016,F,Late (16-30 days),27,312837.13999999996,94832.79636784247,0.30313790865062407,0.3432737129735651,0.8830792955998006
baseline,Baseline,1.0,2016,F,Late (31-120 days),158,2114754.6299999994,641062.2958474241,0.30313790865062407,0.3432737129735652,0.8830792955998008
baseline,Baseline,1.0,2016,G,Current,483,5520008.470000001,1777901.709271995,0.3220831487731385,0.3638273272503617,0.8852637629154846
baseline,Baseline,1.0,2016,G,In Grace Period,23,302504.06000000006,97431.46016145845,0.3220831487731386,0.36382732725036165,0.8852637629154844
baseline,Baseline,1.0,2016,G,Late (16-30 days),6,71384.56,22991.763858585036,0.3220831487731386,0.36382732725036165,0.8852637629154846
baseline,Baseline,1.0,2016,G,Late (31-120 days),37,415148.92,133712.4713633678,0.3220831487731386,0.3638273272503616,0.8852637629154846
baseline,Baseline,1.0,2017,A,Current,50866,360338525.9700034,17759476.069149375,0.04928553232364549,0.0550803596800081,0.8947932186712744
baseline,Baseline,1.0,2017,A,Default,3,37177.35,33266.04066816848,0.8947932186712739,1.0,0.8947932186712739
baseline,Baseline,1.0,2017,A,In Grace Period,204,1704909.5299999998,84027.37374970796,0.049285532323646505,0.05508035968000873,0.8947932186712741
baseline,Baseline,1.0,2017,A,Late (16-30 days),107,878000.3900000001,43272.71660151922,0.04928553232364648,0.05508035968000873,0.894793218671274
baseline,Baseline,1.0,2017,A,Late (31-120 days),491,4302151.240000003,212033.8140002358,0.04928553232364645,0.0550803596800087,0.8947932186712735
baseline,Baseline,1.0,2017,B,Current,82983,667873058.3900067,67966563.11792606,0.10176569074633456,0.11377813045566344,0.8944222438774484
baseline,Baseline,1.0,2017,B,Default,4,44827.14,40094.39114540849,0.8944222438774476,1.0,0.8944222438774476
baseline,Baseline,1.0,2017,B,In Grace Period,626,5530546.609999999,562819.8959714529,0.10176569074633529,0.11377813045566314,0.8944222438774478
baseline,Baseline,1.0,2017,B,Late (16-30 days),357,3155486.67,321120.2806134032,0.10176569074633524,0.11377813045566322,0.8944222438774476
baseline,Baseline,1.0,2017,B,Late (31-120 days),1848,16809931.269999996,1710674.2670899709,0.10176569074633529,0.11377813045566329,0.894422243877448
baseline,Baseline,1.0,2017,C,Current,85187,851450473.620007,139151443.1997668,0.16342869903889273,0.18306731200077775,0.8927246336483906
baseline,Baseline,1.0,2017,C,Default,6,56967.83,50856.58516649378,0.8927246336483903,1.0,0.8927246336483903
baseline,Baseline,1.0,2017,C,In Grace Period,1142,12580344.190000001,2055989.2844331902,0.1634286990388925,0.18306731200078075,0.8927246336483902
baseline,Baseline,1.0,2017,C,Late (16-30 days),548,6033937.309999999,986118.5246555352,0.16342869903889265,0.18306731200078077,0.8927246336483905
baseline,Baseline,1.0,2017,C,Late (31-120 days),3081,34708781.19999998,5672410.956741577,0.1634286990388928,0.18306731200078086,0.8927246336483908
baseline,Baseline,1.0,2017,D,Current,29566,306748514.340001,65188970.18235152,0.21251600948292082,0.23829898226286536,0.8918041003150274
baseline,Baseline,1.0,2017,D,Default,4,32770.95,29225.267581218846,0.8918041003150305,1.0,0.8918041003150305
baseline,Baseline,1.0,2017,D,In Grace Period,577,6686512.789999997,1420991.0154873258,0.21251600948292307,0.23829898226286655,0.8918041003150308
baseline,Baseline,1.0,2017,D,Late (16-30 days),303,3620732.579999999,769463.6393064079,0.21251600948292296,0.23829898226286642,0.8918041003150311
baseline,Baseline,1.0,2017,D,Late (31-120 days),1572,19122799.900000006,4063901.124888438,0.21251600948292287,0.23829898226286625,0.8918041003150301
baseline,Baseline,1.0,2017,E,Current,8946,103203462.43999997,26950541.83118716,0.26113989970884516,0.2936355948417155,0.8893332562410026
baseline,Baseline,1.0,2017,E,Default,4,51382.86,45696.48619877547,0.8893332562410008,1.0,0.8893332562410008
baseline,Baseline,1.0,2017,E,In Grace Period,214,2934900.71,766419.6770648197,0.2611398997088456,0.2936355948417149,0.8893332562410011
baseline,Baseline,1.0,2017,E,Late (16-30 days),109,1513165.9900000002,395148.0148714361,0.2611398997088456,0.2936355948417148,0.889333256241001
baseline,Baseline,1.0,2017,E,Late (31-120 days),646,8783774.100000001,2293793.8875391544,0.26113989970884544,0.293635594841715,0.8893332562410005
baseline,Baseline,1.0,2017,F,Current,2250,31839958.92999997,9651898.561561946,0.30313790865062384,0.3432737129735651,0.8830792955998015
baseline,Baseline,1.0,2017,F,In Grace Period,72,1164565.4700000002,353023.9410625309,0.30313790865062384,0.343273712973565,0.8830792955998005
baseline,Baseline,1.0,2017,F,Late (16-30 days),38,608385.77,184424.78997059952,0.30313790865062396,0.343273712973565,0.8830792955998004
baseline,Baseline,1.0,2017,F,Late (31-120 days),227,3761268.229999999,1140182.985116234,0.303137908650624,0.3432737129735652,0.8830792955998005
baseline,Baseline,1.0,2017,G,Current,1117,17959659.649999984,5784503.730965881,0.3220831487731387,0.3638273272503619,0.885263762915486
baseline,Baseline,1.0,2017,G,In Grace Period,52,910062.02,293115.640980443,0.32208314877313854,0.3638273272503616,0.8852637629154845
baseline,Baseline,1.0,2017,G,Late (16-30 days),21,421953.70999999996,135904.17955330777,0.3220831487731386,0.3638273272503617,0.8852637629154847
baseline,Baseline,1.0,2017,G,Late (31-120 days),134,2313093.73,745008.5119658039,0.32208314877313854,0.36382732725036165,0.8852637629154847
baseline,Baseline,1.0,2018,A,Current,121070,1554548733.81997,76616761.8693675,0.04928553232364626,0.055080359680009586,0.8947932186712975
baseline,Baseline,1.0,2018,A,In Grace Period,305,4175795.1400000006,205806.28634939593,0.049285532323646485,0.055080359680008725,0.8947932186712739
baseline,Baseline,1.0,2018,A,Late (16-30 days),160,2130847.41,105019.94890231338,0.04928553232364648,0.05508035968000874,0.894793218671274
baseline,Baseline,1.0,2018,A,Late (31-120 days),515,7528314.6800000025,371036.99650372245,0.049285532323646485,0.05508035968000871,0.8947932186712739
baseline,Baseline,1.0,2018,B,Current,123264,1682408562.560036,171211469.4864686,0.1017656907463338,0.11377813045566032,0.8944222438774193
baseline,Baseline,1.0,2018,B,Default,1,3250.42,2907.247949944134,0.8944222438774477,1.0,0.8944222438774477
baseline,Baseline,1.0,2018,B,In Grace Period,616,9075338.34,923558.0749267996,0.10176569074633526,0.11377813045566317,0.8944222438774476
baseline,Baseline,1.0,2018,B,Late (16-30 days),371,5490059.630000003,558699.7104855201,0.10176569074633526,0.11377813045566312,0.8944222438774474
baseline,Baseline,1.0,2018,B,Late (31-120 days),1570,24709095.669999998,2514538.188574832,0.10176569074633528,0.11377813045566329,0.894422243877448
baseline,Baseline,1.0,2018,C,Current,108070,1498692662.7600355,244929392.13399822,0.16342869903888713,0.18306731200077475,0.8927246336483735
baseline,Baseline,1.0,2018,C,In Grace Period,972,15026142.519999992,2455702.9236165877,0.1634286990388927,0.1830673120007808,0.8927246336483902
baseline,Baseline,1.0,2018,C,Late (16-30 days),491,7623399.4,1245882.2461958742,0.16342869903889257,0.18306731200078077,0.8927246336483903
baseline,Baseline,1.0,2018,C,Late (31-120 days),2352,36476754.99000001,5961348.613176133,0.1634286990388925,0.1830673120007808,0.8927246336483902
baseline,Baseline,1.0,2018,D,Current,56234,782307902.7799945,166252953.6857593,0.2125160094829235,0.23829898226286808,0.8918041003150402
baseline,Baseline,1.0,2018,D,Default,6,78692.07999999999,70177.9196063184,0.8918041003150307,1.0,0.8918041003150307
baseline,Baseline,1.0,2018,D,In Grace Period,708,10928666.209999999,2322516.53192006,0.212516009482923,0.23829898226286636,0.891804100315031
baseline,Baseline,1.0,2018,D,Late (16-30 days),387,5891778.49,1252097.2534521217,0.21251600948292299,0.2382989822628664,0.891804100315031
baseline,Baseline,1.0,2018,D,Late (31-120 days),1894,28916540.400000002,6145227.773859731,0.21251600948292315,0.23829898226286633,0.8918041003150304
baseline,Baseline,1.0,2018,E,Current,14796,201118738.90000054,52520127.30591558,0.26113989970884527,0.2936355948417144,0.8893332562410017
baseline,Baseline,1.0,2018,E,In Grace Period,238,3482917.85,909528.8180431478,0.2611398997088455,0.29363559484171486,0.8893332562410009
baseline,Baseline,1.0,2018,E,Late (16-30 days),141,2061350.5500000003,538300.8758917736,0.2611398997088455,0.29363559484171486,0.8893332562410008
baseline,Baseline,1.0,2018,E,Late (31-120 days),700,10554487.099999998,2756197.7027723044,0.26113989970884566,0.293635594841715,0.8893332562410008
baseline,Baseline,1.0,2018,F,Current,2276,39363587.419999994,11932595.567484807,0.3031379086506239,0.34327371297356535,0.8830792955998011
baseline,Baseline,1.0,2018,F,In Grace Period,46,954507.98,289347.5528475317,0.30313790865062407,0.34327371297356507,0.8830792955998006
baseline,Baseline,1.0,2018,F,Late (16-30 days),37,642599.21,194796.18061994313,0.303137908650624,0.34327371297356507,0.8830792955998006
baseline,Baseline,1.0,2018,F,Late (31-120 days),147,2696533.72,817421.5924866872,0.30313790865062396,0.343273712973565,0.8830792955998006
baseline,Baseline,1.0,2018,G,Current,472,8485711.049999997,2733104.534563016,0.3220831487731387,0.3638273272503618,0.8852637629154848
baseline,Baseline,1.0,2018,G,In Grace Period,9,197962.5,63760.385339002445,0.3220831487731386,0.36382732725036165,0.8852637629154847
baseline,Baseline,1.0,2018,G,Late (16-30 days),7,122366.19,39412.087778572146,0.3220831487731386,0.3638273272503616,0.8852637629154845
baseline,Baseline,1.0,2018,G,Late (31-120 days),39,761175.3699999999,245161.75993815882,0.32208314877313865,0.36382732725036165,0.8852637629154849
moderate,Moderate Deterioration,1.25,2013,B,Late (31-120 days),1,803.55,102.21727599902212,0.12720711343291907,0.142222663069579,0.8944222438774477
moderate,Moderate Deterioration,1.25,2013,C,In Grace Period,1,553.53,113.07835972374777,0.20428587379861574,0.22883414000097596,0.8927246336483904
moderate,Moderate Deterioration,1.25,2013,C,Late (31-120 days),1,11.19,2.28595892780651,0.20428587379861576,0.22883414000097596,0.8927246336483903
moderate,Moderate Deterioration,1.25,2013,D,Current,3,2671.9,709.7769071717772,0.26564501185365363,0.2978737278285829,0.8918041003150305
moderate,Moderate Deterioration,1.25,2013,F,Late (31-120 days),1,286.36,108.50821440149086,0.37892238581327997,0.4290921412169563,0.8830792955998006
moderate,Moderate Deterioration,1.25,2013,G,Current,1,507.28,204.23292463704715,0.4026039359664232,0.45478415906295205,0.8852637629154846
moderate,Moderate Deterioration,1.25,2014,A,Current,226,619143.7899999996,38143.53909378746,0.06160691540455811,0.06885044960001094,0.8947932186712747
moderate,Moderate Deterioration,1.25,2014,A,In Grace Period,1,1559.88,96.0993952012621,0.0616069154045581,0.06885044960001092,0.894793218671274
moderate,Moderate Deterioration,1.25,2014,A,Late (16-30 days),1,4545.52,280.035466109727,0.06160691540455811,0.06885044960001092,0.894793218671274
moderate,Moderate Deterioration,1.25,2014,A,Late (31-120 days),1,4269.61,263.0375020804553,0.0616069154045581,0.06885044960001092,0.894793218671274
moderate,Moderate Deterioration,1.25,2014,B,Current,1936,5427194.280000003,690377.7183984477,0.12720711343291866,0.14222266306957904,0.8944222438774441
moderate,Moderate Deterioration,1.25,2014,B,Default,1,2274.99,2034.8016605987546,0.8944222438774477,1.0,0.8944222438774477
moderate,Moderate Deterioration,1.25,2014,B,In Grace Period,16,55838.51999999999,7103.0569475663215,0.12720711343291913,0.14222266306957904,0.8944222438774478
moderate,Moderate Deterioration,1.25,2014,B,Late (16-30 days),4,21715.89,2762.415682526793,0.12720711343291907,0.14222266306957904,0.8944222438774476
moderate,Moderate Deterioration,1.25,2014,B,Late (31-120 days),23,88942.61000000002,11314.132679289884,0.12720711343291907,0.14222266306957898,0.8944222438774476
moderate,Moderate Deterioration,1.25,2014,C,Current,3835,9001894.180000003,1838959.8184039718,0.20428587379861549,0.22883414000097593,0.8927246336483889
moderate,Moderate Deterioration,1.25,2014,C,In Grace Period,48,128497.66999999998,26250.25879703617,0.20428587379861576,0.22883414000097602,0.8927246336483906
moderate,Moderate Deterioration,1.25,2014,C,Late (16-30 days),18,45384.94,9271.502125197747,0.2042858737986157,0.22883414000097593,0.8927246336483903
moderate,Moderate Deterioration,1.25,2014,C,Late (31-120 days),87,275112.63,56201.62401258526,0.2042858737986157,0.22883414000097602,0.8927246336483902
moderate,Moderate Deterioration,1.25,2014,D,Current,3433,7959842.830000011,2114492.5429285686,0.2656450118536531,0.29787372782858224,0.8918041003150308
moderate,Moderate Deterioration,1.25,2014,D,In Grace Period,61,166741.93000000005,44294.161971351095,0.26564501185365363,0.29787372782858285,0.8918041003150304
moderate,Moderate Deterioration,1.25,2014,D,Late (16-30 days),23,69260.44999999998,18398.69306123939,0.2656450118536538,0.297873727828583,0.8918041003150307
moderate,Moderate Deterioration,1.25,2014,D,Late (31-120 days),115,400748.62,106456.8719102354,0.2656450118536538,0.297873727828583,0.8918041003150302
moderate,Moderate Deterioration,1.25,2014,E,Current,1724,4511978.039999999,1472821.8660676416,0.32642487463605696,0.3670444935521435,0.8893332562410016
moderate,Moderate Deterioration,1.25,2014,E,In Grace Period,48,180184.37000000002,58816.66038862691,0.32642487463605696,0.3670444935521435,0.8893332562410007
moderate,Moderate Deterioration,1.25,2014,E,Late (16-30 days),16,52031.67,16984.431356854686,0.32642487463605696,0.3670444935521437,0.8893332562410009
moderate,Moderate Deterioration,1.25,2014,E,Late (31-120 days),75,277986.3,90741.64312804132,0.32642487463605696,0.36704449355214364,0.8893332562410007
moderate,Moderate Deterioration,1.25,2014,F,Current,451,1325072.15,502099.5004527323,0.3789223858132799,0.4290921412169563,0.8830792955998001
moderate,Moderate Deterioration,1.25,2014,F,In Grace Period,14,51960.21,19688.886740559046,0.3789223858132799,0.42909214121695627,0.8830792955998004
moderate,Moderate Deterioration,1.25,2014,F,Late (16-30 days),7,24731.190000000006,9371.20151880153,0.3789223858132798,0.4290921412169562,0.8830792955998005
moderate,Moderate Deterioration,1.25,2014,F,Late (31-120 days),24,95875.5,36329.37320104112,0.3789223858132799,0.4290921412169562,0.8830792955998005
moderate,Moderate Deterioration,1.25,2014,G,Current,142,384269.2899999999,154708.3286250229,0.40260393596642324,0.4547841590629523,0.8852637629154847
moderate,Moderate Deterioration,1.25,2014,G,In Grace Period,7,17292.64,6962.084927250408,0.4026039359664232,0.45478415906295205,0.8852637629154846
moderate,Moderate Deterioration,1.25,2014,G,Late (16-30 days),3,12900.09,5193.627008321097,0.40260393596642324,0.454784159062952,0.8852637629154845
moderate,Moderate Deterioration,1.25,2014,G,Late (31-120 days),6,16820.440000000002,6771.975348687063,0.40260393596642313,0.45478415906295194,0.8852637629154846
moderate,Moderate Deterioration,1.25,2015,A,Current,1408,8605510.840000004,530158.9783328881,0.06160691540455812,0.06885044960001084,0.894793218671273
moderate,Moderate Deterioration,1.25,2015,A,In Grace Period,9,63792.08,3930.0332760408032,0.06160691540455811,0.06885044960001094,0.894793218671274
moderate,Moderate Deterioration,1.25,2015,A,Late (16-30 days),3,20174.670000000002,1242.8991880048764,0.0616069154045581,0.06885044960001092,0.8947932186712739
moderate,Moderate Deterioration,1.25,2015,A,Late (31-120 days),19,91950.02,5664.757103587426,0.06160691540455811,0.06885044960001092,0.8947932186712739
moderate,Moderate Deterioration,1.25,2015,B,Current,10316,67019791.62000005,8525394.234855942,0.12720711343291902,0.14222266306957881,0.8944222438774482
moderate,Moderate Deterioration,1.25,2015,B,In Grace Period,71,516681.88,65725.61051789387,0.12720711343291907,0.142222663069579,0.8944222438774478
moderate,Moderate Deterioration,1.25,2015,B,Late (16-30 days),36,232512.38,29577.228697217986,0.12720711343291907,0.14222266306957898,0.8944222438774477
moderate,Moderate Deterioration,1.25,2015,B,Late (31-120 days),213,1404405.7799999998,178650.40536230718,0.1272071134329191,0.14222266306957906,0.8944222438774478
moderate,Moderate Deterioration,1.25,2015,C,Current,15133,102451867.59999986,20929469.294966064,0.2042858737986158,0.22883414000097585,0.8927246336483918
moderate,Moderate Deterioration,1.25,2015,C,In Grace Period,185,1326999.09,271087.16863061785,0.20428587379861565,0.2288341400009759,0.8927246336483902
moderate,Moderate Deterioration,1.25,2015,C,Late (16-30 days),103,771512.2000000002,157609.0439232924,0.2042858737986157,0.2288341400009759,0.8927246336483903
moderate,Moderate Deterioration,1.25,2015,C,Late (31-120 days),448,3475775.4699999997,710051.8290167443,0.20428587379861574,0.22883414000097602,0.8927246336483906
moderate,Moderate Deterioration,1.25,2015,D,Current,8601,61088100.739999995,16227749.245194502,0.2656450118536539,0.2978737278285836,0.8918041003150311
moderate,Moderate Deterioration,1.25,2015,D,In Grace Period,171,1297386.1300000001,344644.15388261585,0.26564501185365363,0.29787372782858296,0.8918041003150303
moderate,Moderate Deterioration,1.25,2015,D,Late (16-30 days),57,428918.04000000004,113939.93782004592,0.2656450118536537,0.2978737278285829,0.8918041003150303
moderate,Moderate Deterioration,1.25,2015,D,Late (31-120 days),311,2492982.4699999993,662248.3577941009,0.2656450118536538,0.297873727828583,0.8918041003150308
moderate,Moderate Deterioration,1.25,2015,E,Current,5937,44075395.93000002,14387305.590984832,0.32642487463605696,0.36704449355214347,0.8893332562410011
moderate,Moderate Deterioration,1.25,2015,E,Default,1,21999.94,19565.278277306643,0.8893332562410008,1.0,0.8893332562410008
moderate,Moderate Deterioration,1.25,2015,E,In Grace Period,119,976868.1599999999,318874.0666639557,0.32642487463605707,0.36704449355214375,0.8893332562410009
moderate,Moderate Deterioration,1.25,2015,E,Late (16-30 days),59,473138.6,154444.2081904795,0.32642487463605696,0.3670444935521437,0.8893332562410009
moderate,Moderate Deterioration,1.25,2015,E,Late (31-120 days),268,2432641.620000001,794074.7358429548,0.32642487463605696,0.36704449355214347,0.8893332562410003
moderate,Moderate Deterioration,1.25,2015,F,Current,1467,11935514.500000007,4522633.630248999,0.3789223858132799,0.42909214121695627,0.8830792955997999
moderate,Moderate Deterioration,1.25,2015,F,In Grace Period,37,340611.62,129065.36768612632,0.37892238581328,0.4290921412169563,0.8830792955998007
moderate,Moderate Deterioration,1.25,2015,F,Late (16-30 days),17,156644.52,59356.11524297605,0.37892238581327997,0.4290921412169564,0.8830792955998007
moderate,Moderate Deterioration,1.25,2015,F,Late (31-120 days),80,774884.0399999999,293620.909165433,0.37892238581327997,0.4290921412169563,0.8830792955998007
moderate,Moderate Deterioration,1.25,2015,G,Current,240,1928875.9900000005,776573.0655651311,0.4026039359664231,0.45478415906295205,0.8852637629154843
moderate,Moderate Deterioration,1.25,2015,G,In Grace Period,11,91638.72,36894.10935892499,0.4026039359664232,0.454784159062952,0.8852637629154845
moderate,Moderate Deterioration,1.25,2015,G,Late (16-30 days),1,12002.35,4832.1933508466,0.40260393596642324,0.45478415906295205,0.8852637629154845
moderate,Moderate Deterioration,1.25,2015,G,Late (31-120 days),19,216564.23,87189.61138753775,0.4026039359664232,0.45478415906295194,0.8852637629154845
moderate,Moderate Deterioration,1.25,2016,A,Current,20796,56055169.6499999,3453386.094615685,0.06160691540455789,0.06885044960001122,0.8947932186712741
moderate,Moderate Deterioration,1.25,2016,A,Default,2,3942.94,3528.115973627713,0.894793218671274,1.0,0.894793218671274
moderate,Moderate Deterioration,1.25,2016,A,In Grace Period,97,344666.05999999994,21233.812801242348,0.061606915404558114,0.06885044960001094,0.8947932186712743
moderate,Moderate Deterioration,1.25,2016,A,Late (16-30 days),67,156269.24,9627.265849014588,0.06160691540455811,0.06885044960001092,0.894793218671274
moderate,Moderate Deterioration,1.25,2016,A,Late (31-120 days),296,1062503.4699999995,65457.561393339434,0.06160691540455813,0.06885044960001094,0.8947932186712741
moderate,Moderate Deterioration,1.25,2016,B,Current,42968,178506695.11999923,22707321.41466526,0.12720711343291916,0.1422226630695799,0.8944222438774505
moderate,Moderate Deterioration,1.25,2016,B,Default,1,468.01,418.5985543570843,0.8944222438774477,1.0,0.8944222438774477
moderate,Moderate Deterioration,1.25,2016,B,In Grace Period,410,1794483.6600000001,228271.08649113978,0.12720711343291907,0.142222663069579,0.8944222438774477
moderate,Moderate Deterioration,1.25,2016,B,Late (16-30 days),217,769993.7099999998,97948.67721060418,0.12720711343291907,0.14222266306957904,0.8944222438774477
moderate,Moderate Deterioration,1.25,2016,B,Late (31-120 days),1127,5044045.020000002,641638.4070198903,0.12720711343291896,0.14222266306957887,0.8944222438774473
moderate,Moderate Deterioration,1.25,2016,C,Current,42340,251487630.31999832,51375370.30946458,0.20428587379861762,0.22883414000097838,0.8927246336483928
moderate,Moderate Deterioration,1.25,2016,C,Default,2,5253.01,4689.491427801331,0.8927246336483904,1.0,0.8927246336483904
moderate,Moderate Deterioration,1.25,2016,C,In Grace Period,609,3524120.5100000002,719928.0377569732,0.20428587379861568,0.2288341400009759,0.8927246336483904
moderate,Moderate Deterioration,1.25,2016,C,Late (16-30 days),305,1977637.6900000002,404003.443558726,0.20428587379861574,0.2288341400009759,0.8927246336483902
moderate,Moderate Deterioration,1.25,2016,C,Late (31-120 days),1574,10161117.579999998,2075772.7836007755,0.20428587379861576,0.22883414000097602,0.8927246336483906
moderate,Moderate Deterioration,1.25,2016,D,Current,16763,119440170.70000014,31728685.56140393,0.26564501185365347,0.29787372782858296,0.8918041003150324
moderate,Moderate Deterioration,1.25,2016,D,Default,3,17892.239999999998,15956.372995820602,0.8918041003150307,1.0,0.8918041003150307
moderate,Moderate Deterioration,1.25,2016,D,In Grace Period,365,2822405.39,749757.9132823662,0.26564501185365375,0.297873727828583,0.8918041003150307
moderate,Moderate Deterioration,1.25,2016,D,Late (16-30 days),192,1284030.74,341096.36114775576,0.26564501185365375,0.297873727828583,0.8918041003150307
moderate,Moderate Deterioration,1.25,2016,D,Late (31-120 days),866,6859265.77,1822129.736779011,0.26564501185365375,0.29787372782858296,0.8918041003150308
moderate,Moderate Deterioration,1.25,2016,E,Current,6476,60993150.010000035,19909681.34567248,0.326424874636057,0.3670444935521437,0.8893332562410003
moderate,Moderate Deterioration,1.25,2016,E,Default,1,11105.05,9876.090277219126,0.8893332562410008,1.0,0.8893332562410008
moderate,Moderate Deterioration,1.25,2016,E,In Grace Period,175,1762522.5000000002,575331.1861057298,0.32642487463605696,0.3670444935521436,0.8893332562410007
moderate,Moderate Deterioration,1.25,2016,E,Late (16-30 days),75,858196.74,280136.76326757274,0.3264248746360569,0.36704449355214364,0.8893332562410008
moderate,Moderate Deterioration,1.25,2016,E,Late (31-120 days),475,5094768.91,1663059.3027464305,0.32642487463605696,0.3670444935521436,0.8893332562410008
moderate,Moderate Deterioration,1.25,2016,F,Current,2004,21081301.999999993,7988177.249890275,0.3789223858132803,0.4290921412169566,0.8830792955998008
moderate,Moderate Deterioration,1.25,2016,F,Default,1,14928.28,13182.85498691659,0.8830792955998006,1.0,0.8830792955998006
moderate,Moderate Deterioration,1.25,2016,F,In Grace Period,70,923881.0499999999,350079.21167367825,0.37892238581328,0.42909214121695644,0.8830792955998007
moderate,Moderate Deterioration,1.25,2016,F,Late (16-30 days),27,312837.13999999996,118540.99545980306,0.37892238581327997,0.4290921412169565,0.8830792955998006
moderate,Moderate Deterioration,1.25,2016,F,Late (31-120 days),158,2114754.6299999994,801327.8698092801,0.3789223858132801,0.42909214121695644,0.8830792955998008
moderate,Moderate Deterioration,1.25,2016,G,Current,483,5520008.470000001,2222377.136589993,0.40260393596642297,0.454784159062952,0.8852637629154846
moderate,Moderate Deterioration,1.25,2016,G,In Grace Period,23,302504.06000000006,121789.32520182306,0.4026039359664232,0.454784159062952,0.8852637629154844
moderate,Moderate Deterioration,1.25,2016,G,Late (16-30 days),6,71384.56,28739.704823231295,0.40260393596642324,0.45478415906295205,0.8852637629154846
moderate,Moderate Deterioration,1.25,2016,G,Late (31-120 days),37,415148.92,167140.58920420974,0.4026039359664232,0.45478415906295205,0.8852637629154846
moderate,Moderate Deterioration,1.25,2017,A,Current,50866,360338525.9700034,22199345.086436972,0.06160691540455757,0.06885044960000904,0.8947932186712744
moderate,Moderate Deterioration,1.25,2017,A,Default,3,37177.35,33266.04066816848,0.8947932186712739,1.0,0.8947932186712739
moderate,Moderate Deterioration,1.25,2017,A,In Grace Period,204,1704909.5299999998,105034.21718713494,0.06160691540455813,0.06885044960001092,0.8947932186712741
moderate,Moderate Deterioration,1.25,2017,A,Late (16-30 days),107,878000.3900000001,54090.895751899014,0.06160691540455809,0.0688504496000109,0.894793218671274
moderate,Moderate Deterioration,1.25,2017,A,Late (31-120 days),491,4302151.240000003,265042.26750029484,0.06160691540455808,0.06885044960001087,0.8947932186712735
moderate,Moderate Deterioration,1.25,2017,B,Current,82983,667873058.3900067,84958203.89740771,0.1272071134329184,0.14222266306957781,0.8944222438774484
moderate,Moderate Deterioration,1.25,2017,B,Default,4,44827.14,40094.39114540849,0.8944222438774476,1.0,0.8944222438774476
moderate,Moderate Deterioration,1.25,2017,B,In Grace Period,626,5530546.609999999,703524.8699643163,0.12720711343291913,0.14222266306957895,0.8944222438774478
moderate,Moderate Deterioration,1.25,2017,B,Late (16-30 days),357,3155486.67,401400.35076675407,0.12720711343291907,0.14222266306957904,0.8944222438774476
moderate,Moderate Deterioration,1.25,2017,B,Late (31-120 days),1848,16809931.269999996,2138342.8338624625,0.12720711343291904,0.14222266306957898,0.894422243877448
moderate,Moderate Deterioration,1.25,2017,C,Current,85187,851450473.620007,173939303.9997074,0.20428587379861463,0.22883414000097455,0.8927246336483906
moderate,Moderate Deterioration,1.25,2017,C,Default,6,56967.83,50856.58516649378,0.8927246336483903,1.0,0.8927246336483903
moderate,Moderate Deterioration,1.25,2017,C,In Grace Period,1142,12580344.190000001,2569986.6055414863,0.2042858737986155,0.22883414000097585,0.8927246336483902
moderate,Moderate Deterioration,1.25,2017,C,Late (16-30 days),548,6033937.309999999,1232648.1558194188,0.20428587379861576,0.22883414000097618,0.8927246336483905
moderate,Moderate Deterioration,1.25,2017,C,Late (31-120 days),3081,34708781.19999998,7090513.695926968,0.2042858737986159,0.22883414000097588,0.8927246336483908
moderate,Moderate Deterioration,1.25,2017,D,Current,29566,306748514.340001,81486212.72793931,0.2656450118536507,0.2978737278285796,0.8918041003150274
moderate,Moderate Deterioration,1.25,2017,D,Default,4,32770.95,29225.267581218846,0.8918041003150305,1.0,0.8918041003150305
moderate,Moderate Deterioration,1.25,2017,D,In Grace Period,577,6686512.789999997,1776238.7693591574,0.26564501185365386,0.297873727828583,0.8918041003150308
moderate,Moderate Deterioration,1.25,2017,D,Late (16-30 days),303,3620732.579999999,961829.5491330102,0.2656450118536538,0.29787372782858307,0.8918041003150311
moderate,Moderate Deterioration,1.25,2017,D,Late (31-120 days),1572,19122799.900000006,5079876.4061105475,0.2656450118536536,0.29787372782858296,0.8918041003150301
moderate,Moderate Deterioration,1.25,2017,E,Current,8946,103203462.43999997,33688177.28898393,0.3264248746360563,0.3670444935521438,0.8893332562410026
moderate,Moderate Deterioration,1.25,2017,E,Default,4,51382.86,45696.48619877547,0.8893332562410008,1.0,0.8893332562410008
moderate,Moderate Deterioration,1.25,2017,E,In Grace Period,214,2934900.71,958024.5963310245,0.32642487463605696,0.36704449355214364,0.8893332562410011
moderate,Moderate Deterioration,1.25,2017,E,Late (16-30 days),109,1513165.9900000002,493935.01858929486,0.3264248746360568,0.3670444935521435,0.889333256241001
moderate,Moderate Deterioration,1.25,2017,E,Late (31-120 days),646,8783774.100000001,2867242.359423944,0.32642487463605685,0.3670444935521434,0.8893332562410005
moderate,Moderate Deterioration,1.25,2017,F,Current,2250,31839958.92999997,12064873.201952454,0.37892238581328047,0.42909214121695693,0.8830792955998015
moderate,Moderate Deterioration,1.25,2017,F,In Grace Period,72,1164565.4700000002,441279.9263281637,0.3789223858132799,0.4290921412169562,0.8830792955998005
moderate,Moderate Deterioration,1.25,2017,F,Late (16-30 days),38,608385.77,230530.9874632494,0.3789223858132799,0.42909214121695627,0.8830792955998004
moderate,Moderate Deterioration,1.25,2017,F,Late (31-120 days),227,3761268.229999999,1425228.731395292,0.3789223858132799,0.4290921412169565,0.8830792955998005
moderate,Moderate Deterioration,1.25,2017,G,Current,1117,17959659.649999984,7230629.663707355,0.4026039359664236,0.4547841590629524,0.885263762915486
moderate,Moderate Deterioration,1.25,2017,G,In Grace Period,52,910062.02,366394.55122555385,0.4026039359664233,0.454784159062952,0.8852637629154845
moderate,Moderate Deterioration,1.25,2017,G,Late (16-30 days),21,421953.70999999996,169880.2244416347,0.4026039359664232,0.45478415906295216,0.8852637629154847
moderate,Moderate Deterioration,1.25,2017,G,Late (31-120 days),134,2313093.73,931260.6399572548,0.4026039359664231,0.4547841590629521,0.8852637629154847
moderate,Moderate Deterioration,1.25,2018,A,Current,121070,1554548733.81997,95770952.33671208,0.06160691540455957,0.06885044960001246,0.8947932186712975
moderate,Moderate Deterioration,1.25,2018,A,In Grace Period,305,4175795.1400000006,257257.85793674484,0.06160691540455809,0.06885044960001092,0.8947932186712739
moderate,Moderate Deterioration,1.25,2018,A,Late (16-30 days),160,2130847.41,131274.9361278917,0.06160691540455809,0.06885044960001092,0.894793218671274
moderate,Moderate Deterioration,1.25,2018,A,Late (31-120 days),515,7528314.6800000025,463796.2456296529,0.06160691540455809,0.06885044960001091,0.8947932186712739
moderate,Moderate Deterioration,1.25,2018,B,Current,123264,1682408562.560036,214014336.8580806,0.1272071134329142,0.14222266306957673,0.8944222438774193
moderate,Moderate Deterioration,1.25,2018,B,Default,1,3250.42,2907.247949944134,0.8944222438774477,1.0,0.8944222438774477
moderate,Moderate Deterioration,1.25,2018,B,In Grace Period,616,9075338.34,1154447.5936584994,0.12720711343291907,0.14222266306957898,0.8944222438774476
moderate,Moderate Deterioration,1.25,2018,B,Late (16-30 days),371,5490059.630000003,698374.6381068997,0.12720711343291902,0.14222266306957893,0.8944222438774474
moderate,Moderate Deterioration,1.25,2018,B,Late (31-120 days),1570,24709095.669999998,3143172.7357185367,0.12720711343291896,0.14222266306957912,0.894422243877448
moderate,Moderate Deterioration,1.25,2018,C,Current,108070,1498692662.7600355,306161740.16750497,0.2042858737986137,0.22883414000097482,0.8927246336483735
moderate,Moderate Deterioration,1.25,2018,C,In Grace Period,972,15026142.519999992,3069628.6545207337,0.20428587379861585,0.22883414000097604,0.8927246336483902
moderate,Moderate Deterioration,1.25,2018,C,Late (16-30 days),491,7623399.4,1557352.8077448432,0.20428587379861576,0.228834140000976,0.8927246336483903
moderate,Moderate Deterioration,1.25,2018,C,Late (31-120 days),2352,36476754.99000001,7451685.766470169,0.20428587379861574,0.22883414000097604,0.8927246336483902
moderate,Moderate Deterioration,1.25,2018,D,Current,56234,782307902.7799945,207816192.10719976,0.2656450118536552,0.29787372782858224,0.8918041003150402
moderate,Moderate Deterioration,1.25,2018,D,Default,6,78692.07999999999,70177.9196063184,0.8918041003150307,1.0,0.8918041003150307
moderate,Moderate Deterioration,1.25,2018,D,In Grace Period,708,10928666.209999999,2903145.6649000742,0.2656450118536537,0.29787372782858285,0.891804100315031
moderate,Moderate Deterioration,1.25,2018,D,Late (16-30 days),387,5891778.49,1565121.5668151523,0.26564501185365375,0.29787372782858296,0.891804100315031
moderate,Moderate Deterioration,1.25,2018,D,Late (31-120 days),1894,28916540.400000002,7681534.717324656,0.2656450118536537,0.297873727828583,0.8918041003150304
moderate,Moderate Deterioration,1.25,2018,E,Current,14796,201118738.90000054,65650159.132394284,0.32642487463605563,0.36704449355214186,0.8893332562410017
moderate,Moderate Deterioration,1.25,2018,E,In Grace Period,238,3482917.85,1136911.0225539352,0.326424874636057,0.3670444935521436,0.8893332562410009
moderate,Moderate Deterioration,1.25,2018,E,Late (16-30 days),141,2061350.5500000003,672876.0948647171,0.32642487463605696,0.36704449355214364,0.8893332562410008
moderate,Moderate Deterioration,1.25,2018,E,Late (31-120 days),700,10554487.099999998,3445247.12846538,0.326424874636057,0.36704449355214386,0.8893332562410008
moderate,Moderate Deterioration,1.25,2018,F,Current,2276,39363587.419999994,14915744.459356014,0.37892238581328,0.4290921412169561,0.8830792955998011
moderate,Moderate Deterioration,1.25,2018,F,In Grace Period,46,954507.98,361684.4410594145,0.3789223858132799,0.42909214121695627,0.8830792955998006
moderate,Moderate Deterioration,1.25,2018,F,Late (16-30 days),37,642599.21,243495.22577492893,0.37892238581328,0.4290921412169564,0.8830792955998006
moderate,Moderate Deterioration,1.25,2018,F,Late (31-120 days),147,2696533.72,1021776.9906083593,0.37892238581328,0.4290921412169563,0.8830792955998006
moderate,Moderate Deterioration,1.25,2018,G,Current,472,8485711.049999997,3416380.668203769,0.40260393596642324,0.4547841590629521,0.8852637629154848
moderate,Moderate Deterioration,1.25,2018,G,In Grace Period,9,197962.5,79700.48167375305,0.4026039359664232,0.45478415906295205,0.8852637629154847
moderate,Moderate Deterioration,1.25,2018,G,Late (16-30 days),7,122366.19,49265.10972321517,0.4026039359664232,0.454784159062952,0.8852637629154845
moderate,Moderate Deterioration,1.25,2018,G,Late (31-120 days),39,761175.3699999999,306452.19992269855,0.40260393596642335,0.45478415906295205,0.8852637629154849
severe,Severe Deterioration,1.5,2013,B,Late (31-120 days),1,803.55,122.66073119882655,0.1526485361195029,0.1706671956834948,0.8944222438774477
severe,Severe Deterioration,1.5,2013,C,In Grace Period,1,553.53,135.69403166849733,0.2451430485583389,0.2746009680011712,0.8927246336483904
severe,Severe Deterioration,1.5,2013,C,Late (31-120 days),1,11.19,2.7431507133678124,0.2451430485583389,0.2746009680011712,0.8927246336483903
severe,Severe Deterioration,1.5,2013,D,Current,3,2671.9,851.7322886061328,0.31877401422438445,0.3574484733942995,0.8918041003150305
severe,Severe Deterioration,1.5,2013,F,Late (31-120 days),1,286.36,130.20985728178903,0.45470686297593593,0.5149105694603476,0.8830792955998006
severe,Severe Deterioration,1.5,2013,G,Current,1,507.28,245.0795095644566,0.4831247231597079,0.5457409908755425,0.8852637629154846
severe,Severe Deterioration,1.5,2014,A,Current,226,619143.7899999996,45772.24691254497,0.07392829848546975,0.08262053952001322,0.8947932186712747
severe,Severe Deterioration,1.5,2014,A,In Grace Period,1,1559.88,115.31927424151452,0.07392829848546972,0.08262053952001311,0.894793218671274
severe,Severe Deterioration,1.5,2014,A,Late (16-30 days),1,4545.52,336.0425593316724,0.07392829848546974,0.08262053952001311,0.894793218671274
severe,Severe Deterioration,1.5,2014,A,Late (31-120 days),1,4269.61,315.6450024965464,0.07392829848546974,0.08262053952001311,0.894793218671274
severe,Severe Deterioration,1.5,2014,B,Current,1936,5427194.280000003,828453.2620781395,0.1526485361195028,0.17066719568349464,0.8944222438774441
severe,Severe Deterioration,1.5,2014,B,Default,1,2274.99,2034.8016605987546,0.8944222438774477,1.0,0.8944222438774477
severe,Severe Deterioration,1.5,2014,B,In Grace Period,16,55838.51999999999,8523.668337079585,0.15264853611950294,0.17066719568349484,0.8944222438774478
severe,Severe Deterioration,1.5,2014,B,Late (16-30 days),4,21715.89,3314.8988190321516,0.15264853611950288,0.1706671956834948,0.8944222438774476
severe,Severe Deterioration,1.5,2014,B,Late (31-120 days),23,88942.61000000002,13576.959215147861,0.15264853611950288,0.17066719568349478,0.8944222438774476
severe,Severe Deterioration,1.5,2014,C,Current,3835,9001894.180000003,2206751.7820847603,0.2451430485583379,0.2746009680011716,0.8927246336483889
severe,Severe Deterioration,1.5,2014,C,In Grace Period,48,128497.66999999998,31500.310556443408,0.24514304855833893,0.27460096800117123,0.8927246336483906
severe,Severe Deterioration,1.5,2014,C,Late (16-30 days),18,45384.94,11125.802550237298,0.2451430485583389,0.2746009680011712,0.8927246336483903
severe,Severe Deterioration,1.5,2014,C,Late (31-120 days),87,275112.63,67441.94881510234,0.24514304855833896,0.2746009680011712,0.8927246336483902
severe,Severe Deterioration,1.5,2014,D,Current,3433,7959842.830000011,2537391.0515142838,0.3187740142243839,0.3574484733942992,0.8918041003150308
severe,Severe Deterioration,1.5,2014,D,In Grace Period,61,166741.93000000005,53152.99436562132,0.3187740142243844,0.3574484733942994,0.8918041003150304
severe,Severe Deterioration,1.5,2014,D,Late (16-30 days),23,69260.44999999998,22078.431673487266,0.3187740142243845,0.3574484733942996,0.8918041003150307
severe,Severe Deterioration,1.5,2014,D,Late (31-120 days),115,400748.62,127748.24629228245,0.3187740142243845,0.35744847339429964,0.8918041003150302
severe,Severe Deterioration,1.5,2014,E,Current,1724,4511978.039999999,1767386.2392811696,0.39170984956326826,0.44045339226257263,0.8893332562410016
severe,Severe Deterioration,1.5,2014,E,In Grace Period,48,180184.37000000002,70579.99246635228,0.3917098495632683,0.4404533922625723,0.8893332562410007
severe,Severe Deterioration,1.5,2014,E,Late (16-30 days),16,52031.67,20381.317628225625,0.3917098495632684,0.4404533922625724,0.8893332562410009
severe,Severe Deterioration,1.5,2014,E,Late (31-120 days),75,277986.3,108889.9717536496,0.39170984956326843,0.4404533922625724,0.8893332562410007
severe,Severe Deterioration,1.5,2014,F,Current,451,1325072.15,602519.4005432791,0.4547068629759362,0.5149105694603474,0.8830792955998001
severe,Severe Deterioration,1.5,2014,F,In Grace Period,14,51960.21,23626.66408867086,0.454706862975936,0.5149105694603475,0.8830792955998004
severe,Severe Deterioration,1.5,2014,F,Late (16-30 days),7,24731.190000000006,11245.441822561837,0.4547068629759358,0.5149105694603475,0.8830792955998005
severe,Severe Deterioration,1.5,2014,F,Late (31-120 days),24,95875.5,43595.24784124935,0.454706862975936,0.5149105694603476,0.8830792955998005
severe,Severe Deterioration,1.5,2014,G,Current,142,384269.2899999999,185649.9943500275,0.48312472315970795,0.5457409908755424,0.8852637629154847
severe,Severe Deterioration,1.5,2014,G,In Grace Period,7,17292.64,8354.50191270049,0.4831247231597079,0.5457409908755425,0.8852637629154846
severe,Severe Deterioration,1.5,2014,G,Late (16-30 days),3,12900.09,6232.352409985317,0.48312472315970795,0.5457409908755425,0.8852637629154845
severe,Severe Deterioration,1.5,2014,G,Late (31-120 days),6,16820.440000000002,8126.370418424477,0.48312472315970784,0.5457409908755425,0.8852637629154846
severe,Severe Deterioration,1.5,2015,A,Current,1408,8605510.840000004,636190.7739994648,0.07392829848546964,0.0826205395200131,0.894793218671273
severe,Severe Deterioration,1.5,2015,A,In Grace Period,9,63792.08,4716.039931248964,0.07392829848546974,0.08262053952001312,0.894793218671274
severe,Severe Deterioration,1.5,2015,A,Late (16-30 days),3,20174.670000000002,1491.4790256058516,0.07392829848546972,0.08262053952001311,0.8947932186712739
severe,Severe Deterioration,1.5,2015,A,Late (31-120 days),19,91950.02,6797.708524304911,0.07392829848546972,0.0826205395200131,0.8947932186712739
severe,Severe Deterioration,1.5,2015,B,Current,10316,67019791.62000005,10230473.081827078,0.15264853611950205,0.17066719568349498,0.8944222438774482
severe,Severe Deterioration,1.5,2015,B,In Grace Period,71,516681.88,78870.73262147266,0.1526485361195029,0.1706671956834948,0.8944222438774478
severe,Severe Deterioration,1.5,2015,B,Late (16-30 days),36,232512.38,35492.67443666158,0.15264853611950288,0.1706671956834948,0.8944222438774477
severe,Severe Deterioration,1.5,2015,B,Late (31-120 days),213,1404405.7799999998,214380.4864347686,0.15264853611950288,0.1706671956834948,0.8944222438774478
severe,Severe Deterioration,1.5,2015,C,Current,15133,102451867.59999986,25115363.15395925,0.24514304855833866,0.274600968001172,0.8927246336483918
severe,Severe Deterioration,1.5,2015,C,In Grace Period,185,1326999.09,325304.60235674155,0.2451430485583389,0.2746009680011712,0.8927246336483902
severe,Severe Deterioration,1.5,2015,C,Late (16-30 days),103,771512.2000000002,189130.8527079509,0.24514304855833888,0.2746009680011711,0.8927246336483903
severe,Severe Deterioration,1.5,2015,C,Late (31-120 days),448,3475775.4699999997,852062.194820093,0.24514304855833885,0.27460096800117123,0.8927246336483906
severe,Severe Deterioration,1.5,2015,D,Current,8601,61088100.739999995,19473299.094233412,0.31877401422438484,0.3574484733942989,0.8918041003150311
severe,Severe Deterioration,1.5,2015,D,In Grace Period,171,1297386.1300000001,413572.9846591391,0.31877401422438445,0.35744847339429947,0.8918041003150303
severe,Severe Deterioration,1.5,2015,D,Late (16-30 days),57,428918.04000000004,136727.92538405507,0.31877401422438434,0.35744847339429947,0.8918041003150303
severe,Severe Deterioration,1.5,2015,D,Late (31-120 days),311,2492982.4699999993,794698.0293529208,0.31877401422438445,0.3574484733942996,0.8918041003150308
severe,Severe Deterioration,1.5,2015,E,Current,5937,44075395.93000002,17264766.709181793,0.3917098495632682,0.44045339226257274,0.8893332562410011
severe,Severe Deterioration,1.5,2015,E,Default,1,21999.94,19565.278277306643,0.8893332562410008,1.0,0.8893332562410008
severe,Severe Deterioration,1.5,2015,E,In Grace Period,119,976868.1599999999,382648.8799967468,0.39170984956326843,0.44045339226257246,0.8893332562410009
severe,Severe Deterioration,1.5,2015,E,Late (16-30 days),59,473138.6,185333.0498285754,0.3917098495632684,0.44045339226257246,0.8893332562410009
severe,Severe Deterioration,1.5,2015,E,Late (31-120 days),268,2432641.620000001,952889.6830115455,0.3917098495632682,0.4404533922625722,0.8893332562410003
severe,Severe Deterioration,1.5,2015,F,Current,1467,11935514.500000007,5427160.356298793,0.4547068629759354,0.5149105694603474,0.8830792955997999
severe,Severe Deterioration,1.5,2015,F,In Grace Period,37,340611.62,154878.4412233516,0.4547068629759361,0.5149105694603476,0.8830792955998007
severe,Severe Deterioration,1.5,2015,F,Late (16-30 days),17,156644.52,71227.33829157126,0.454706862975936,0.5149105694603476,0.8830792955998007
severe,Severe Deterioration,1.5,2015,F,Late (31-120 days),80,774884.0399999999,352345.0909985197,0.454706862975936,0.5149105694603477,0.8830792955998007
severe,Severe Deterioration,1.5,2015,G,Current,240,1928875.9900000005,931887.6786781575,0.4831247231597078,0.5457409908755425,0.8852637629154843
severe,Severe Deterioration,1.5,2015,G,In Grace Period,11,91638.72,44272.93123070999,0.48312472315970795,0.5457409908755424,0.8852637629154845
severe,Severe Deterioration,1.5,2015,G,Late (16-30 days),1,12002.35,5798.63202101592,0.4831247231597079,0.5457409908755425,0.8852637629154845
severe,Severe Deterioration,1.5,2015,G,Late (31-120 days),19,216564.23,104627.53366504531,0.4831247231597079,0.5457409908755425,0.8852637629154845
severe,Severe Deterioration,1.5,2016,A,Current,20796,56055169.6499999,4144063.3135388545,0.07392829848547006,0.08262053952001348,0.8947932186712741
severe,Severe Deterioration,1.5,2016,A,Default,2,3942.94,3528.115973627713,0.894793218671274,1.0,0.894793218671274
severe,Severe Deterioration,1.5,2016,A,In Grace Period,97,344666.05999999994,25480.575361490817,0.07392829848546974,0.08262053952001314,0.8947932186712743
severe,Severe Deterioration,1.5,2016,A,Late (16-30 days),67,156269.24,11552.719018817505,0.07392829848546972,0.08262053952001311,0.894793218671274
severe,Severe Deterioration,1.5,2016,A,Late (31-120 days),296,1062503.4699999995,78549.07367200732,0.07392829848546975,0.08262053952001315,0.8947932186712741
severe,Severe Deterioration,1.5,2016,B,Current,42968,178506695.11999923,27248785.697598502,0.15264853611950407,0.17066719568349434,0.8944222438774505
severe,Severe Deterioration,1.5,2016,B,Default,1,468.01,418.5985543570843,0.8944222438774477,1.0,0.8944222438774477
severe,Severe Deterioration,1.5,2016,B,In Grace Period,410,1794483.6600000001,273925.3037893678,0.1526485361195029,0.1706671956834948,0.8944222438774477
severe,Severe Deterioration,1.5,2016,B,Late (16-30 days),217,769993.7099999998,117538.41265272503,0.1526485361195029,0.1706671956834948,0.8944222438774477
severe,Severe Deterioration,1.5,2016,B,Late (31-120 days),1127,5044045.020000002,769966.0884238684,0.15264853611950277,0.1706671956834948,0.8944222438774473
severe,Severe Deterioration,1.5,2016,C,Current,42340,251487630.31999832,61650444.371356934,0.2451430485583389,0.27460096800117384,0.8927246336483928
severe,Severe Deterioration,1.5,2016,C,Default,2,5253.01,4689.491427801331,0.8927246336483904,1.0,0.8927246336483904
severe,Severe Deterioration,1.5,2016,C,In Grace Period,609,3524120.5100000002,863913.6453083684,0.245143048558339,0.2746009680011712,0.8927246336483904
severe,Severe Deterioration,1.5,2016,C,Late (16-30 days),305,1977637.6900000002,484804.1322704712,0.24514304855833888,0.2746009680011711,0.8927246336483902
severe,Severe Deterioration,1.5,2016,C,Late (31-120 days),1574,10161117.579999998,2490927.3403209317,0.24514304855833902,0.2746009680011711,0.8927246336483906
severe,Severe Deterioration,1.5,2016,D,Current,16763,119440170.70000014,38074422.673684485,0.31877401422438223,0.35744847339429947,0.8918041003150324
severe,Severe Deterioration,1.5,2016,D,Default,3,17892.239999999998,15956.372995820602,0.8918041003150307,1.0,0.8918041003150307
severe,Severe Deterioration,1.5,2016,D,In Grace Period,365,2822405.39,899709.4959388392,0.3187740142243844,0.35744847339429947,0.8918041003150307
severe,Severe Deterioration,1.5,2016,D,Late (16-30 days),192,1284030.74,409315.63337730686,0.31877401422438445,0.3574484733942995,0.8918041003150307
severe,Severe Deterioration,1.5,2016,D,Late (31-120 days),866,6859265.77,2186555.6841348135,0.3187740142243845,0.3574484733942995,0.8918041003150308
severe,Severe Deterioration,1.5,2016,E,Current,6476,60993150.010000035,23891617.614806987,0.3917098495632686,0.440453392262572,0.8893332562410003
severe,Severe Deterioration,1.5,2016,E,Default,1,11105.05,9876.090277219126,0.8893332562410008,1.0,0.8893332562410008
severe,Severe Deterioration,1.5,2016,E,In Grace Period,175,1762522.5000000002,690397.4233268758,0.3917098495632684,0.4404533922625723,0.8893332562410007
severe,Severe Deterioration,1.5,2016,E,Late (16-30 days),75,858196.74,336164.11592108733,0.3917098495632684,0.4404533922625724,0.8893332562410008
severe,Severe Deterioration,1.5,2016,E,Late (31-120 days),475,5094768.91,1995671.1632957174,0.3917098495632685,0.4404533922625724,0.8893332562410008
severe,Severe Deterioration,1.5,2016,F,Current,2004,21081301.999999993,9585812.699868329,0.4547068629759363,0.5149105694603479,0.8830792955998008
severe,Severe Deterioration,1.5,2016,F,Default,1,14928.28,13182.85498691659,0.8830792955998006,1.0,0.8830792955998006
severe,Severe Deterioration,1.5,2016,F,In Grace Period,70,923881.0499999999,420095.0540084138,0.45470686297593593,0.5149105694603476,0.8830792955998007
severe,Severe Deterioration,1.5,2016,F,Late (16-30 days),27,312837.13999999996,142249.1945517637,0.45470686297593604,0.5149105694603477,0.8830792955998006
severe,Severe Deterioration,1.5,2016,F,Late (31-120 days),158,2114754.6299999994,961593.4437711362,0.4547068629759361,0.5149105694603477,0.8830792955998008
severe,Severe Deterioration,1.5,2016,G,Current,483,5520008.470000001,2666852.563907993,0.4831247231597079,0.5457409908755426,0.8852637629154846
severe,Severe Deterioration,1.5,2016,G,In Grace Period,23,302504.06000000006,146147.1902421877,0.48312472315970795,0.5457409908755424,0.8852637629154844
severe,Severe Deterioration,1.5,2016,G,Late (16-30 days),6,71384.56,34487.64578787756,0.48312472315970795,0.5457409908755425,0.8852637629154846
severe,Severe Deterioration,1.5,2016,G,Late (31-120 days),37,415148.92,200568.70704505173,0.48312472315970795,0.5457409908755426,0.8852637629154846
severe,Severe Deterioration,1.5,2017,A,Current,50866,360338525.9700034,26639214.10372436,0.07392829848546907,0.08262053952001176,0.8947932186712744
severe,Severe Deterioration,1.5,2017,A,Default,3,37177.35,33266.04066816848,0.8947932186712739,1.0,0.8947932186712739
severe,Severe Deterioration,1.5,2017,A,In Grace Period,204,1704909.5299999998,126041.06062456187,0.07392829848546971,0.08262053952001311,0.8947932186712741
severe,Severe Deterioration,1.5,2017,A,Late (16-30 days),107,878000.3900000001,64909.074902278815,0.0739282984854697,0.08262053952001308,0.894793218671274
severe,Severe Deterioration,1.5,2017,A,Late (31-120 days),491,4302151.240000003,318050.7210003537,0.07392829848546967,0.08262053952001305,0.8947932186712735
severe,Severe Deterioration,1.5,2017,B,Current,82983,667873058.3900067,101949844.67688844,0.15264853611950085,0.17066719568349337,0.8944222438774484
severe,Severe Deterioration,1.5,2017,B,Default,4,44827.14,40094.39114540849,0.8944222438774476,1.0,0.8944222438774476
severe,Severe Deterioration,1.5,2017,B,In Grace Period,626,5530546.609999999,844229.8439571791,0.15264853611950288,0.17066719568349492,0.8944222438774478
severe,Severe Deterioration,1.5,2017,B,Late (16-30 days),357,3155486.67,481680.4209201047,0.15264853611950283,0.17066719568349484,0.8944222438774476
severe,Severe Deterioration,1.5,2017,B,Late (31-120 days),1848,16809931.269999996,2566011.4006349565,0.15264853611950296,0.17066719568349487,0.894422243877448
severe,Severe Deterioration,1.5,2017,C,Current,85187,851450473.620007,208727164.79964852,0.24514304855833713,0.27460096800116995,0.8927246336483906
severe,Severe Deterioration,1.5,2017,C,Default,6,56967.83,50856.58516649378,0.8927246336483903,1.0,0.8927246336483903
severe,Severe Deterioration,1.5,2017,C,In Grace Period,1142,12580344.190000001,3083983.9266497875,0.24514304855833893,0.274600968001171,0.8927246336483902
severe,Severe Deterioration,1.5,2017,C,Late (16-30 days),548,6033937.309999999,1479177.7869833028,0.24514304855833896,0.2746009680011713,0.8927246336483905
severe,Severe Deterioration,1.5,2017,C,Late (31-120 days),3081,34708781.19999998,8508616.435112366,0.2451430485583392,0.2746009680011713,0.8927246336483908
severe,Severe Deterioration,1.5,2017,D,Current,29566,306748514.340001,97783455.27352831,0.31877401422438456,0.35744847339429675,0.8918041003150274
severe,Severe Deterioration,1.5,2017,D,Default,4,32770.95,29225.267581218846,0.8918041003150305,1.0,0.8918041003150305
severe,Severe Deterioration,1.5,2017,D,In Grace Period,577,6686512.789999997,2131486.523230989,0.31877401422438467,0.3574484733942999,0.8918041003150308
severe,Severe Deterioration,1.5,2017,D,Late (16-30 days),303,3620732.579999999,1154195.4589596118,0.3187740142243844,0.3574484733942996,0.8918041003150311
severe,Severe Deterioration,1.5,2017,D,Late (31-120 days),1572,19122799.900000006,6095851.687332656,0.3187740142243843,0.3574484733942994,0.8918041003150301
severe,Severe Deterioration,1.5,2017,E,Current,8946,103203462.43999997,40425812.74678077,0.391709849563268,0.44045339226257313,0.8893332562410026
severe,Severe Deterioration,1.5,2017,E,Default,4,51382.86,45696.48619877547,0.8893332562410008,1.0,0.8893332562410008
severe,Severe Deterioration,1.5,2017,E,In Grace Period,214,2934900.71,1149629.5155972296,0.3917098495632684,0.44045339226257246,0.8893332562410011
severe,Severe Deterioration,1.5,2017,E,Late (16-30 days),109,1513165.9900000002,592722.0223071543,0.39170984956326843,0.4404533922625723,0.889333256241001
severe,Severe Deterioration,1.5,2017,E,Late (31-120 days),646,8783774.100000001,3440690.8313087346,0.3917098495632685,0.4404533922625723,0.8893332562410005
severe,Severe Deterioration,1.5,2017,F,Current,2250,31839958.92999997,14477847.842342924,0.45470686297593593,0.5149105694603485,0.8830792955998015
severe,Severe Deterioration,1.5,2017,F,In Grace Period,72,1164565.4700000002,529535.9115937966,0.454706862975936,0.5149105694603475,0.8830792955998005
severe,Severe Deterioration,1.5,2017,F,Late (16-30 days),38,608385.77,276637.18495589937,0.4547068629759361,0.5149105694603477,0.8830792955998004
severe,Severe Deterioration,1.5,2017,F,Late (31-120 days),227,3761268.229999999,1710274.477674351,0.45470686297593604,0.5149105694603479,0.8830792955998005
severe,Severe Deterioration,1.5,2017,G,Current,1117,17959659.649999984,8676755.596448826,0.4831247231597083,0.5457409908755431,0.885263762915486
severe,Severe Deterioration,1.5,2017,G,In Grace Period,52,910062.02,439673.4614706645,0.4831247231597078,0.5457409908755425,0.8852637629154845
severe,Severe Deterioration,1.5,2017,G,Late (16-30 days),21,421953.70999999996,203856.26932996168,0.48312472315970795,0.5457409908755426,0.8852637629154847
severe,Severe Deterioration,1.5,2017,G,Late (31-120 days),134,2313093.73,1117512.7679487062,0.48312472315970795,0.5457409908755426,0.8852637629154847
severe,Severe Deterioration,1.5,2018,A,Current,121070,1554548733.81997,114925142.8040527,0.07392829848547033,0.08262053952001544,0.8947932186712975
severe,Severe Deterioration,1.5,2018,A,In Grace Period,305,4175795.1400000006,308709.42952409387,0.07392829848546972,0.08262053952001308,0.8947932186712739
severe,Severe Deterioration,1.5,2018,A,Late (16-30 days),160,2130847.41,157529.92335347008,0.07392829848546971,0.0826205395200131,0.894793218671274
severe,Severe Deterioration,1.5,2018,A,Late (31-120 days),515,7528314.6800000025,556555.4947555835,0.0739282984854697,0.08262053952001305,0.8947932186712739
severe,Severe Deterioration,1.5,2018,B,Current,123264,1682408562.560036,256817204.22969657,0.15264853611949694,0.1706671956834873,0.8944222438774193
severe,Severe Deterioration,1.5,2018,B,Default,1,3250.42,2907.247949944134,0.8944222438774477,1.0,0.8944222438774477
severe,Severe Deterioration,1.5,2018,B,In Grace Period,616,9075338.34,1385337.1123901994,0.1526485361195029,0.1706671956834948,0.8944222438774476
severe,Severe Deterioration,1.5,2018,B,Late (16-30 days),371,5490059.630000003,838049.5657282796,0.1526485361195028,0.17066719568349475,0.8944222438774474
severe,Severe Deterioration,1.5,2018,B,Late (31-120 days),1570,24709095.669999998,3771807.282862244,0.15264853611950277,0.17066719568349464,0.894422243877448
severe,Severe Deterioration,1.5,2018,C,Current,108070,1498692662.7600355,367394088.2010084,0.24514304855833807,0.27460096800116296,0.8927246336483735
severe,Severe Deterioration,1.5,2018,C,In Grace Period,972,15026142.519999992,3683554.38542488,0.24514304855833896,0.27460096800117134,0.8927246336483902
severe,Severe Deterioration,1.5,2018,C,Late (16-30 days),491,7623399.4,1868823.3692938115,0.24514304855833888,0.2746009680011713,0.8927246336483903
severe,Severe Deterioration,1.5,2018,C,Late (31-120 days),2352,36476754.99000001,8942022.919764198,0.24514304855833877,0.2746009680011711,0.8927246336483902
severe,Severe Deterioration,1.5,2018,D,Current,56234,782307902.7799945,249379430.528639,0.3187740142243853,0.3574484733943045,0.8918041003150402
severe,Severe Deterioration,1.5,2018,D,Default,6,78692.07999999999,70177.9196063184,0.8918041003150307,1.0,0.8918041003150307
severe,Severe Deterioration,1.5,2018,D,In Grace Period,708,10928666.209999999,3483774.797880092,0.3187740142243847,0.3574484733942995,0.891804100315031
severe,Severe Deterioration,1.5,2018,D,Late (16-30 days),387,5891778.49,1878145.8801781817,0.31877401422438434,0.3574484733942996,0.891804100315031
severe,Severe Deterioration,1.5,2018,D,Late (31-120 days),1894,28916540.400000002,9217841.660789594,0.31877401422438467,0.3574484733942998,0.8918041003150304
severe,Severe Deterioration,1.5,2018,E,Current,14796,201118738.90000054,78780190.95887311,0.3917098495632666,0.4404533922625704,0.8893332562410017
severe,Severe Deterioration,1.5,2018,E,In Grace Period,238,3482917.85,1364293.2270647225,0.39170984956326843,0.44045339226257235,0.8893332562410009
severe,Severe Deterioration,1.5,2018,E,Late (16-30 days),141,2061350.5500000003,807451.3138376605,0.3917098495632683,0.44045339226257235,0.8893332562410008
severe,Severe Deterioration,1.5,2018,E,Late (31-120 days),700,10554487.099999998,4134296.5541584594,0.3917098495632687,0.4404533922625724,0.8893332562410008
severe,Severe Deterioration,1.5,2018,F,Current,2276,39363587.419999994,17898893.351227224,0.4547068629759362,0.5149105694603474,0.8830792955998011
severe,Severe Deterioration,1.5,2018,F,In Grace Period,46,954507.98,434021.32927129744,0.454706862975936,0.5149105694603476,0.8830792955998006
severe,Severe Deterioration,1.5,2018,F,Late (16-30 days),37,642599.21,292194.2709299147,0.45470686297593604,0.5149105694603477,0.8830792955998006
severe,Severe Deterioration,1.5,2018,F,Late (31-120 days),147,2696533.72,1226132.388730031,0.454706862975936,0.5149105694603475,0.8830792955998006
severe,Severe Deterioration,1.5,2018,G,Current,472,8485711.049999997,4099656.8018445233,0.48312472315970795,0.5457409908755428,0.8852637629154848
severe,Severe Deterioration,1.5,2018,G,In Grace Period,9,197962.5,95640.57800850368,0.48312472315970795,0.5457409908755426,0.8852637629154847
severe,Severe Deterioration,1.5,2018,G,Late (16-30 days),7,122366.19,59118.13166785822,0.48312472315970795,0.5457409908755425,0.8852637629154845
severe,Severe Deterioration,1.5,2018,G,Late (31-120 days),39,761175.3699999999,367742.63990723825,0.483124723159708,0.5457409908755426,0.8852637629154849
