segment_type,segment_value,loans,exposure,defaults,default_rate,exposure_share,default_contribution,vs_portfolio_pp,risk_multiple
dti_band,30+,51478,608244500.0,10611,0.20612688915653288,0.06887459847416219,0.10553378553100073,5.745662054872158,1.3864701469013339
dti_band,20-29.99,200592,2666628875.0,34738,0.17317739491106326,0.3019558632182154,0.34549360491715236,2.4507126303251967,1.1648421472076653
dti_band,10-19.99,291925,3918534100.0,39913,0.13672347349490452,0.443715418297761,0.3969625842897778,-1.1946795112906776,0.9196423385470424
dti_band,<10,132305,1637756425.0,15283,0.11551339707494047,0.18545143633909442,0.152000079565572,-3.315687153287082,0.7769771196126788
grade,G,2060,39844175.0,771,0.3742718446601942,0.004511757286188779,0.00766813199928391,22.56015760523829,2.5174626249416057
grade,F,10349,170528000.0,3572,0.34515412117112765,0.019309747196401987,0.03552602788773298,19.648385256331636,2.321608243552961
grade,E,32147,476933450.0,9454,0.2940865399570722,0.05400558470754262,0.09402661468382631,14.541627134926088,1.9781126563567704
grade,D,87126,1106392575.0,20771,0.238401854785024,0.12528242237771056,0.2065820619417978,8.97315861772127,1.603561068514126
grade,C,180210,2262553525.0,32994,0.18308639920093225,0.2562003693591562,0.32814831022616514,3.441613059312096,1.2314930275932299
grade,B,220196,2773925800.0,25050,0.11376228451016367,0.3141056362566684,0.24913969725299862,-3.490798409764763,0.7651986209177164
grade,A,144214,2001010075.0,7934,0.055015463131180053,0.22658448281633153,0.07890915600819526,-9.365480547663124,0.3700502033551144
income_band,<$40k,123095,915076800.0,23807,0.19340346886551038,0.10361877036787215,0.23677719650707138,4.473320025769908,1.3008886758367555
income_band,"$40k-$74,999",306215,3587721700.0,47819,0.15616152050030208,0.40625585849857837,0.4755932607960536,0.749125189249078,1.05038836589616
income_band,"$75k-$124,999",182830,2989726300.0,22299,0.12196576054258054,0.33854181741083156,0.22177908618940584,-2.670450806523075,0.8203776160808814
income_band,$125k+,64158,1338637600.0,6621,0.10319835406340597,0.1515807001993707,0.06585045650746922,-4.547191454440533,0.6941425143694387
interest_rate_band,20%+,29970,499167125.0,9306,0.3105105105105105,0.05652321608477664,0.09255465160225171,16.18402419026992,2.088585118048249
interest_rate_band,15-19.99%,139067,1847590750.0,32268,0.23203204210919917,0.2092120373481818,0.3209277345692519,8.336177350138788,1.5607158329773
interest_rate_band,10-14.99%,290996,3559498750.0,43876,0.1507787048619225,0.4030600312465336,0.43637737950788696,0.21084362541111956,1.0141819630370965
interest_rate_band,<10%,216269,2924930975.0,15096,0.06980195959661348,0.331204715320508,0.15014023432060947,-7.886830901119782,0.46950853220524824
loan_amount_band,$25k+,70446,2109957575.0,10804,0.1533656985492434,0.23892115880314896,0.107453304954946,0.46954299414321,1.0315828442727748
loan_amount_band,"$15k-$24,999",174606,3248760500.0,26163,0.14984021167657469,0.3678735688957621,0.2602092574542995,0.11699430687633905,1.0078693815496471
loan_amount_band,"$5k-$14,999",355744,3230226850.0,52541,0.14769328505891877,0.36577491004720586,0.522556839655481,-0.09769835488925294,0.9934285209945387
loan_amount_band,<$5k,75506,242242675.0,11038,0.14618705798214712,0.027430362253883046,0.10978059793527341,-0.24832106256641728,0.9832971941941208
purpose,small_business,8796,126021400.0,2179,0.2477262391996362,0.014270039966085649,0.021671672667236887,9.905597059182492,1.666279623487681
purpose,educational,423,2754975.0,88,0.20803782505910165,0.00031195974140556135,0.000875221291747061,5.936755645129035,1.3993236644234537
purpose,renewable_energy,515,4631375.0,104,0.20194174757281552,0.0005244339957176314,0.0010343524357010721,5.327147896500422,1.3583196523679737
purpose,moving,4861,33839250.0,941,0.19358156757868752,0.0038317892827913654,0.009358900403795278,4.491129897087623,1.3020866202196162
purpose,house,3034,41233975.0,562,0.1852340145023072,0.0046691313634872845,0.00558948143138464,3.65637458944959,1.2459385204378033
purpose,medical,7303,56207725.0,1274,0.17444885663425988,0.006364684745231774,0.012670817337338134,2.5778588026448586,1.1733943731174112
purpose,other,36799,316005775.0,6287,0.1708470338867904,0.03578293082574761,0.06252859387742923,2.2176765278979103,1.149167452824619
purpose,vacation,4445,25238500.0,710,0.1597300337457818,0.002857882896746526,0.007061444512959243,1.1059765137970494,1.0743912366711725
purpose,debt_consolidation,387026,5312813800.0,60576,0.15651661645470846,0.6015967546652502,0.602470511009886,0.7846347846897167,1.052776845837251
purpose,home_improvement,39309,487607200.0,5189,0.13200539316695922,0.055214227359409736,0.05160821912358522,-1.6664875440852072,0.8879071411055722
purpose,major_purchase,14199,138806675.0,1869,0.13162898795689837,0.015717781264209585,0.018588506753127922,-1.7041280650912927,0.8853753288368138
purpose,wedding,2346,24395050.0,291,0.12404092071611253,0.002762374790905812,0.002894197680663577,-2.4629347891698767,0.834335754402446
purpose,credit_card,159396,2199706950.0,19541,0.12259404251047705,0.24908393407926246,0.19434885525033319,-2.6076226097334247,0.8246036255835205
purpose,car,7850,61924950.0,935,0.11910828025477707,0.007012075023748788,0.009299226224812523,-2.9561988353034225,0.8011573623303389
state,IA,14,112800.0,3,0.21428571428571427,1.2772914030271534e-05,2.983708949137708e-05,6.561544567790298,1.4413488069426645
state,NE,768,9187950.0,153,0.19921875,0.0010403980094364658,0.0015216915640602312,5.054848139218871,1.3400039689545085
state,MS,2501,30075100.0,470,0.1879248300679728,0.003405555556310456,0.004674477353649076,3.9254561460161512,1.2640377381957528
state,NV,9899,122453275.0,1790,0.18082634609556522,0.013866003140959206,0.01780279672985499,3.2156077487753927,1.2162912449736734
state,AR,4962,60719075.0,884,0.17815397017331722,0.0068755277036578865,0.008791995703459113,2.948370156550592,1.1983160576865792
state,OK,5989,77405050.0,1052,0.17565536817498748,0.008764964974812673,0.010462872714976229,2.698509956717618,1.1815097249764326
state,AL,8131,103152800.0,1410,0.17341040462427745,0.01168051282253363,0.014023432060947229,2.474013601646616,1.1664094391443527
state,TN,9084,116522025.0,1526,0.16798767062967856,0.013194377730125448,0.015177132854613808,1.931740202186727,1.129934533668101
state,LA,7879,101823500.0,1309,0.16613783475060287,0.011529989465969446,0.013018916714737533,1.7467566142791573,1.117491992893822
state,FL,47487,585595350.0,7796,0.16417124686756376,0.06630992076309193,0.07753664989159191,1.550097825975247,1.1042641437653125
state,SD,1384,16709450.0,227,0.16401734104046242,0.001892095464034758,0.0022576731048475325,1.5347072432651125,1.103228927857367
state,MO,10634,134752075.0,1725,0.16221553507617079,0.01525865841645126,0.01715632645754182,1.3545266468359491,1.0911094504314887
state,NY,57787,750080300.0,9336,0.1615588281101286,0.08493538286968334,0.09285302249716548,1.2888559502317292,1.0866922460220814
state,NM,3782,50077750.0,602,0.15917503966155475,0.005670556698399205,0.005987309291269668,1.0504771053743451,1.0706581830524218
state,IN,9646,122255600.0,1521,0.15768194070080863,0.01384361940176653,0.01512740437212818,0.901167209299733,1.0606151598257343
state,ND,311,4027900.0,49,0.15755627009646303,0.00045609947183094607,0.000487339128359159,0.8886001488651735,1.0597698623394083
state,NJ,25305,347636550.0,3956,0.1563327405651057,0.039364643323849216,0.03934517534262925,0.7662471957294414,1.0515400424647636
state,OH,21642,266948875.0,3336,0.15414471860271695,0.03022797013167289,0.03317884351441131,0.547444999490565,1.0368227625211812
state,NC,18121,230389000.0,2788,0.15385464378345565,0.02608811073156231,0.027728601833986434,0.5184375175644351,1.0348716338794046
state,MD,15529,209637425.0,2389,0.15384120033485738,0.02373830502706114,0.023760268931633282,0.517093172704608,1.0347812092859459
state,HI,3496,47350250.0,531,0.1518878718535469,0.005361708090087453,0.005281164839973743,0.3217603245735612,1.0216425467974608
state,KY,6185,76123500.0,935,0.15117219078415522,0.008619848592051197,0.009299226224812523,0.2501922176343929,1.016828665205038
state,AZ,15746,197765650.0,2368,0.1503873999745967,0.02239400395027278,0.023551409305193644,0.17171313667854182,1.0115499311521066
state,CA,103888,1371441050.0,15596,0.1501232096103496,0.15529520061378835,0.1551130825691723,0.1452941002538316,1.009772908975978
state,MI,17389,217449225.0,2607,0.1499223647133245,0.024622874617678828,0.025928430768006685,0.12520961055132174,1.008421967063342
state,PA,23006,289172875.0,3439,0.149482743632096,0.032744505959764685,0.03420325025361526,0.08124750242846923,1.0054649462323095
state,MN,11925,149907275.0,1765,0.1480083857442348,0.016974758298646038,0.01755415431742685,-0.06618828635764906,0.9955479809798251
state,VA,19438,268715450.0,2855,0.14687725074596153,0.03042800834623873,0.028394963499293855,-0.1793017861849766,0.9879396339386478
state,DE,1825,23061775.0,265,0.14520547945205478,0.0026114013250041253,0.0026356095717383087,-0.34647891557565147,0.9766948079921982
state,TX,54390,756150575.0,7721,0.14195624195624196,0.08562275078382436,0.07679072265430748,-0.6714026651569338,0.95483947991457
state,AK,1720,26608800.0,244,0.14186046511627906,0.003013048890502564,0.0024267499452986694,-0.6809803491532235,0.9541952566891748
state,UT,4672,60483875.0,649,0.1389126712328767,0.006848894819084129,0.006454757026634575,-0.975759737493459,0.9343675271033853
state,RI,2933,36269075.0,407,0.13876576883736788,0.004106930646564456,0.004047898474330157,-0.9904499770443415,0.9333794183383682
state,MA,15654,223559825.0,2133,0.1362591031046378,0.02531480873535061,0.021214170628369104,-1.2411165503173505,0.9165188465764202
state,GA,21929,288999800.0,2934,0.13379543070819463,0.03272490780288712,0.029180673522566786,-1.487483789961666,0.8999474606529693
state,WI,8791,110773625.0,1151,0.13092935957228985,0.012543457348816824,0.011447496668191674,-1.7740909035521446,0.8806694223286732
state,IL,27295,369822125.0,3545,0.12987726689869938,0.04187682809501182,0.03525749408231058,-1.8793001709111912,0.8735927372359338
state,CT,10354,137555875.0,1343,0.12970832528491405,0.015576146859341998,0.013357070395639806,-1.8961943322897246,0.872456386199729
state,MT,1953,23807550.0,248,0.12698412698412698,0.002695849196998148,0.002466532731287172,-2.168614162368432,0.8541326263363938
state,WA,14979,198826450.0,1872,0.1249749649509313,0.022514123694982995,0.0186183438426193,-2.3695303656879996,0.840618410938722
state,SC,7766,99737750.0,950,0.12232809683234612,0.011293809453215556,0.009448411672269409,-2.6342171775465175,0.8228147966493878
state,CO,14170,188132825.0,1709,0.12060691601976006,0.021303230496428363,0.01699719531358781,-2.8063352588051234,0.811237627732538
state,OR,8538,103913425.0,1026,0.12016865776528461,0.011766642235071532,0.010204284606050962,-2.8501610842526683,0.8082897736755069
state,KS,5909,76187925.0,700,0.11846336097478423,0.008627143760370349,0.006961987547987986,-3.0206907633027065,0.7968194453679761
state,WY,1522,20897475.0,177,0.11629434954007885,0.002366326698800963,0.0017603882799912477,-3.2375919067732446,0.7822300358309073
state,WV,3080,38547900.0,347,0.11266233766233766,0.004364973517265107,0.0034511566845026155,-3.6007930945473636,0.7578000545592494
state,VT,1324,16320325.0,143,0.10800604229607251,0.0018480328738571922,0.0014222345990889743,-4.066422631173879,0.7264804409615344
state,ME,338,4228950.0,35,0.10355029585798817,0.0004788653793290497,0.00034809937739939926,-4.5119972749823125,0.6965097785028656
state,NH,3231,42475800.0,329,0.10182606004333024,0.004809749483750068,0.003272134147554353,-4.684420856448106,0.6849120607425888
state,DC,1989,27250400.0,199,0.10005027652086476,0.0030857005008024063,0.0019791936029280133,-4.8619992086946535,0.6729676179222832
state,ID,12,88350.0,1,0.08333333333333333,1.0004316973178104e-05,9.945696497125694e-06,-6.533693527447797,0.5605245360332584
sub_grade,F5,1147,22144550.0,468,0.4080209241499564,0.0025075393030944107,0.004654585960654825,25.93506555421451,2.7444688704121876
sub_grade,G3,345,6987050.0,139,0.4028985507246377,0.0007911789802766731,0.0013824518131004713,25.422828211682642,2.7100142785607977
sub_grade,G1,765,14564900.0,299,0.3908496732026144,0.0016492572301374279,0.0029737632526405824,24.217940459480307,2.6289699807677533
sub_grade,F4,1523,26799975.0,565,0.37097833223900195,0.0030346966018477517,0.005619318520876017,22.230806363119065,2.4953094906799027
sub_grade,G2,525,10035000.0,191,0.3638095238095238,0.001136313761469635,0.0018996280309510076,21.513925520171252,2.4470899744537684
sub_grade,F3,2109,33366475.0,736,0.3489805595068753,0.003778254580391883,0.007320032621884511,20.0310290899064,2.3473459944266186
sub_grade,F2,2347,39478475.0,806,0.3434171282488283,0.004470347227138511,0.00801623137668331,19.474685964101702,2.309924717730582
sub_grade,G5,182,3276450.0,62,0.34065934065934067,0.00037100899090853874,0.000616633182821793,19.19890720515294,2.291375026421672
sub_grade,G4,243,4980775.0,80,0.3292181069958848,0.0005639983233965045,0.0007956557197700554,18.05478383880735,2.214417920131391
sub_grade,E5,4183,63793650.0,1305,0.31197704996414055,0.007223677368149217,0.012979133928749031,16.330678135632926,2.0984494942100946
sub_grade,F1,3223,48738525.0,997,0.30933912503878375,0.005518909483929432,0.009915859407634316,16.066885643097244,2.0807060344715804
sub_grade,E4,5039,78023750.0,1553,0.3081960706489383,0.008835023502388286,0.015445666660036203,15.9525802041127,2.0730175140932334
sub_grade,E3,6176,92450800.0,1824,0.29533678756476683,0.010468671280406273,0.018140950410757264,14.666651895695553,1.9865221898795273
sub_grade,E2,7895,116307600.0,2299,0.29119696010132995,0.013170097303787319,0.02286515624689197,14.252669149351865,1.9586764914611188
sub_grade,E1,8854,126357650.0,2473,0.2793087869889316,0.014308115252811525,0.02459570743739184,13.06385183811203,1.878713138843797
sub_grade,D5,12212,170323250.0,3170,0.2595807402554864,0.019286562319206082,0.031527857895888446,11.09104716476751,1.7460164879385154
sub_grade,D4,14599,192107675.0,3721,0.2548804712651552,0.021753322848673262,0.03700793666580471,10.621020265734387,1.7144010947980723
sub_grade,D2,19664,238236400.0,4669,0.23743897477624085,0.02697671149008317,0.04643645694507986,8.876870616842956,1.5970844540719795
sub_grade,D3,17056,214120075.0,4023,0.23587007504690433,0.024245898139452954,0.040011537007936665,8.719980643909302,1.5865315725575508
sub_grade,D1,23595,291605175.0,5188,0.21987709260436533,0.03301992758029509,0.0515982734270881,7.120682399655403,1.478958063796844
sub_grade,C5,28823,372739175.0,6080,0.2109426499670402,0.042207140407706886,0.06046983470252422,6.227238135922891,1.418862372028815
sub_grade,C4,32403,422065800.0,6543,0.2019257476159615,0.04779264342657606,0.06507469218069341,5.325547900815019,1.358212031947268
sub_grade,C3,36122,460184225.0,6780,0.18769724821438458,0.05210898531925649,0.0674318222505122,3.902697960657328,1.262506955641047
sub_grade,C2,40344,492938275.0,6871,0.17031033115209201,0.05581789192203323,0.06833688063175064,2.164006254428072,1.1455574322083637
sub_grade,C1,42518,514626050.0,6720,0.15805070793546264,0.05827370828358351,0.06683508046068466,0.9380439327651341,1.063095596823039
sub_grade,B5,42312,511577400.0,6015,0.14215825297787862,0.05792849423785313,0.059823364430211044,-0.6512015629932671,0.9561982655246879
sub_grade,B4,46217,577451525.0,5771,0.12486747300776771,0.06538775430384923,0.05739661448491238,-2.3802795600043587,0.839895388479893
sub_grade,B3,48444,617079750.0,5449,0.11248038972834613,0.06987505848024336,0.0541941002128379,-3.618987887946516,0.7565762191838556
sub_grade,B2,43705,564684175.0,4349,0.09950806543873698,0.06394204274405857,0.04325383406599964,-4.916220316907431,0.669320546539382
sub_grade,B1,39518,503132950.0,3466,0.08770686775646541,0.05697228649066406,0.034471784059037655,-6.096340085134589,0.5899422162734775
sub_grade,A5,41499,584369175.0,3143,0.07573676474131907,0.06617107477141579,0.031259324090466056,-7.293350386649222,0.5094277790074551
sub_grade,A4,33862,474572975.0,2096,0.06189829307187998,0.05373829619472697,0.020846179857975454,-8.677197553593132,0.4163461440643942
sub_grade,A3,23457,325589775.0,1140,0.048599565161785395,0.03686817557810684,0.01133809400672329,-10.007070344602589,0.3268949845647344
sub_grade,A2,22482,302112450.0,924,0.041099546303709635,0.034209719426637475,0.00918982356334414,-10.757072230410166,0.2764476494767712
sub_grade,A1,22914,314365700.0,631,0.027537749847254954,0.03559721684544443,0.006275734489686313,-12.113251876055633,0.18522701347839018
term,60,55280,1084448050.0,13942,0.2522069464544139,0.12279753291618445,0.13866290056292643,10.353667784660258,1.6964181797487023
term,36,621022,7746739550.0,86604,0.13945399679882517,0.8772024670838156,0.8613370994370736,-0.9216271808986126,0.9380086422437398
